group,consignee_name
1,INTERNATIONAL FINE FOODS DIVISION OF DAN S FISH INC
1,INTERNATIONAL FINE FOODS DIVISION OF DANS FISH INC
,INTERNATIONAL FINE PAPERS INC
,INTERNATIONAL FINISHING CORP
,INTERNATIONAL FINISHING LLC
,INTERNATIONAL FIRE AND SAFETY
,INTERNATIONAL FIREPROOF TECHNOLOGY INC
,INTERNATIONAL FIREWORKS
,INTERNATIONAL FIRST SERVICE DE CHIL
2,INTERNATIONAL FIRST SERVICE DE CO
2,INTERNATIONAL FIRST SERVICE DE COLO
,INTERNATIONAL FIRST SERVICE DE MEXI
,INTERNATIONAL FIRST SERVICE DE MEXI CA FELIX PARRA
,INTERNATIONAL FITNESS INVESTMENTS I
,INTERNATIONAL FLAORS & FRAGRANCES INC
,INTERNATIONAL FLASH SERVICES
3,INTERNATIONAL FLAVO USA ND FRAGARENCES INC
3,INTERNATIONAL FLAVO USA ND FRAGRANC
3,INTERNATIONAL FLAVO USA ND FRAGRANC ES INC
4,INTERNATIONAL FLAVO USA ND FRAGRANC ES MEXICO S DE RL DE CV
4,INTERNATIONAL FLAVO USA ND FRAGRANC S MEXICO S DE RL DE CV
,INTERNATIONAL FLAVO USA ND FRAGRANC SAN NICOLAS
5,INTERNATIONAL FLAVO USA ND FRAGRANCES INC
5,INTERNATIONAL FLAVOR & FRAGRANCES INC
5,INTERNATIONAL FLAVOR AND FRAGRANCES
,INTERNATIONAL FLAVORS
,INTERNATIONAL FLAVORS &
,INTERNATIONAL FLAVORS & FRAG
6,INTERNATIONAL FLAVORS & FRAGANCES
6,INTERNATIONAL FLAVORS & FRAGANCES INC
,INTERNATIONAL FLAVORS & FRAGANCES S
,INTERNATIONAL FLAVORS & FRAGANCES SAN NICOLAS
,INTERNATIONAL FLAVORS & FRAGR
,INTERNATIONAL FLAVORS & FRAGRA
7,INTERNATIONAL FLAVORS & FRAGRANCE
7,INTERNATIONAL FLAVORS & FRAGRANCE I
,INTERNATIONAL FLAVORS & FRAGRANCE INC
,INTERNATIONAL FLAVORS & FRAGRANCES
,INTERNATIONAL FLAVORS & FRAGRANCES FRAGRANCES INC
,INTERNATIONAL FLAVORS & FRAGRANCES INC
,INTERNATIONAL FLAVORS & FRAGRANCES MEXICO S DE R L DE C V
,INTERNATIONAL FLAVORS & FRAGRANCES S DE R L DE C V
,INTERNATIONAL FLAVORS & FRAGRANCES SAN NICOLAS
8,INTERNATIONAL FLAVORS & FRAGRRANCES INC
8,INTERNATIONAL FLAVORS & FRANGRANCES INC
,INTERNATIONAL FLAVORS &FRAGRANCES I
,INTERNATIONAL FLAVORS &FRAGRANCES INC
,INTERNATIONAL FLAVORS AND
9,INTERNATIONAL FLAVORS AND FRAGANCES
9,INTERNATIONAL FLAVORS AND FRAGRANCE
,INTERNATIONAL FLAVORS AND FRAGRANCE CARRERA 86D 46A96 MEGAPORT
,INTERNATIONAL FLAVORS AND FRAGRANCE CRA
,INTERNATIONAL FLAVORS AND FRAGRANCE INC
,INTERNATIONAL FLAVORS AND FRAGRANCE MEXICOS DE RL DE CV
,INTERNATIONAL FLAVORS AND FRAGRANCE S DE RL DE CV
,INTERNATIONAL FLAVORS AND FRAGRANCES INC
10,INTERNATIONAL FLAVORS FRAGRANCES
10,INTERNATIONAL FLAVORS FRAGRANCES INC
,INTERNATIONAL FLAVORS FRAGRANCES MEXICO S DE R L DE C V
,INTERNATIONAL FLAVORS FRAGRANCESINC
,INTERNATIONAL FLAVORS& FRAGRANCES INC
11,INTERNATIONAL FLAVORS&FRAGRANCE
11,INTERNATIONAL FLAVORS&FRAGRANCES
12,INTERNATIONAL FLAVORS&FRAGRANCES IN
12,INTERNATIONAL FLAVORS&FRAGRANCES INC
,INTERNATIONAL FLAVOURS & FRAGRA
,INTERNATIONAL FLAVOURS & FRAGRANCES
13,INTERNATIONAL FLAVOURS & FRAGRANCES INC
13,INTERNATIONAL FLAVOURS & FRAGRANCES INCS
,INTERNATIONAL FLAVOURS FRAGRANCES INC
,INTERNATIONAL FLEET SALES INC
,INTERNATIONAL FLOORING
,INTERNATIONAL FLOORING CENTRE
14,INTERNATIONAL FLOORING CO LLC
14,INTERNATIONAL FLOORING CO.
,INTERNATIONAL FLOORING COMPANY LLC
15,INTERNATIONAL FLORA TECHNOLOGIES L
15,INTERNATIONAL FLORA TECHNOLOGIES LT
,INTERNATIONAL FLORAL DIST INC
,INTERNATIONAL FLORIDA GROUP LLC
,INTERNATIONAL FLUID POWER OF AMERIC
,INTERNATIONAL FOOD BRANDS LLC
,INTERNATIONAL FOOD BRANDS S A
,INTERNATIONAL FOOD CONSULTANTS INC
,INTERNATIONAL FOOD DISTRIBUTORS
16,INTERNATIONAL FOOD EQUIPMENT
16,INTERNATIONAL FOOD EQUIPMENT SUPPLY
16,INTERNATIONAL FOOD EQUIPMENT SUPPLY1280 PARTRIDGE
16,INTERNATIONAL FOOD EQUIPMENTS SUPPL
16,INTERNATIONAL FOOD EQUIPMENTS SUPPLY INC
,INTERNATIONAL FOOD IMPORT INC
,INTERNATIONAL FOOD MARKETING LLC
,INTERNATIONAL FOOD PACKAGING
17,INTERNATIONAL FOOD PRODUCTS CORP
17,INTERNATIONAL FOOD PRODUCTS CORPORA
17,INTERNATIONAL FOOD PRODUCTS CORPORA TION
,INTERNATIONAL FOOD QUIPMENTS SUPPLY
18,INTERNATIONAL FOOD SOURCING & MARKE INC
18,INTERNATIONAL FOOD SOURCING & MARKE TING INC
18,INTERNATIONAL FOOD SOURCING & MARKETING INC
18,INTERNATIONAL FOOD SOURCING MARKETING INC
,INTERNATIONAL FOOD SPECIALISTS LLC
,INTERNATIONAL FOODIMPORTINC
,INTERNATIONAL FOODLINK LTD
19,INTERNATIONAL FOODS & INGREDIENTS
19,INTERNATIONAL FOODS & INGREDIENTS I
19,INTERNATIONAL FOODS & INGREDIENTS INC
,INTERNATIONAL FOODSOU
,INTERNATIONAL FOODSOURCE
20,INTERNATIONAL FOODSOURCE LLC
20,INTERNATIONAL FOODSOURCE LLC/VALUE
20,INTERNATIONAL FOODSOURCE LLC/VALUED
,INTERNATIONAL FOODSOURCE LLC/VALUED NATURAL
,INTERNATIONAL FOREST PRODUCTS CORPO
21,INTERNATIONAL FOREST PRODUCTS L L C
21,INTERNATIONAL FOREST PRODUCTS LLC
22,INTERNATIONAL FORWARDER S A C
22,INTERNATIONAL FORWARDER SAC
,INTERNATIONAL FORWARDING GROUP LL
,INTERNATIONAL FORWARDING GROUP SP
,INTERNATIONAL FORWARDING S L
,INTERNATIONAL FREEZE DRY
,INTERNATIONAL FREIGHT CARGO &
,INTERNATIONAL FREIGHT CONSULTANTS
23,INTERNATIONAL FREIGHT FORWARDERS
23,INTERNATIONAL FREIGHT FORWARDERS IN
,INTERNATIONAL FREIGHT FORWARDING SE
24,INTERNATIONAL FREIGHT LOGISTICSS
24,INTERNATIONAL FREIGHT LOGISTICSS A
24,INTERNATIONAL FREIGHT LOGISTICSSA
,INTERNATIONAL FREIGHT LOGISTICSSAC
,INTERNATIONAL FREIGHT LTD
,INTERNATIONAL FREIGHT SE RVICES
,INTERNATIONAL FREIGHT SERVICES INC
,INTERNATIONAL FREIGHT SERVICES PANA
25,INTERNATIONAL FREIGHT TRANSPORT
25,INTERNATIONAL FREIGHT TRANSPORT I
,INTERNATIONAL FREIGHT TRANSPORT INC
,INTERNATIONAL FREIGHTBRIDGE DEUT
,INTERNATIONAL FRESH FORWAR S R L
,INTERNATIONAL FRESH FORWARDER S R L
,INTERNATIONAL FRONTIER S A
26,INTERNATIONAL FROZEN FOOD
26,INTERNATIONAL FROZEN FOOD CORP
26,INTERNATIONAL FROZEN FOODS CORP
27,INTERNATIONAL FRUIT COMPANY
27,INTERNATIONAL FRUIT COMPANY INC
28,INTERNATIONAL FULFILLMENT CORP
28,INTERNATIONAL FULFILMENT CORP
,INTERNATIONAL FUNERAL DIRECTORS IN
,INTERNATIONAL FURNITURE
,INTERNATIONAL FURNITURE CO INC
,INTERNATIONAL FURNITURE CONSULTANTS
29,INTERNATIONAL FURNITURE DIST
29,INTERNATIONAL FURNITURE DISTRIBUTIO
,INTERNATIONAL FURNITURE IMPORT
,INTERNATIONAL FURNITURE SUPPLY CO INC
,INTERNATIONAL FURNITURE WHOLESALERS
30,INTERNATIONAL FUTURE TECHNOLOGIES
30,INTERNATIONAL FUTURE TECHNOLOGIES L
31,INTERNATIONAL GAME TECHNOLOGY
31,INTERNATIONAL GAME TECHNOLOGY IGT
32,INTERNATIONAL GAMING SOLUTION FL
32,INTERNATIONAL GAMING SOLUTIONS
,INTERNATIONAL GAMING TECHNOLOGY
,INTERNATIONAL GAS
,INTERNATIONAL GAS AND OIL TRADE
,INTERNATIONAL GATE DEVICES
,INTERNATIONAL GEMS & MINERALS INC
,INTERNATIONAL GENERAL TRADECORB
,INTERNATIONAL GIFTS LTD
33,INTERNATIONAL GLASS & CERAMICS
33,INTERNATIONAL GLASS & CERAMICS INC
,INTERNATIONAL GLASS PRODUCTS IGP
,INTERNATIONAL GLASS PRODUCTS INC
,INTERNATIONAL GLASS&CERAMICS
34,INTERNATIONAL GLOBAL SERVICE & GLOB
34,INTERNATIONAL GLOBALSERVICE & GLOBA
,INTERNATIONAL GOLDEN FOODS IGF
35,INTERNATIONAL GOLDEN FOODS INC
35,INTERNATIONAL GOLDEN FOODS IND
,INTERNATIONAL GOLDEN MAPLE
,INTERNATIONAL GOLDEN MAPLE PLASTIC
36,INTERNATIONAL GOURMENT FOODS INC
36,INTERNATIONAL GOURMET FOOD
36,INTERNATIONAL GOURMET FOODS INC
,INTERNATIONAL GOURMET FOODS7520
,INTERNATIONAL GOURMET FOODSVA INC
,INTERNATIONAL GOURMET INC
,INTERNATIONAL GRAINS & CEREAL LLC
37,INTERNATIONAL GRAINS AND CEREAL
37,INTERNATIONAL GRAINS AND CEREAL L
,INTERNATIONAL GRANITE INDUSTRIES I
,INTERNATIONAL GRAPHIC SUPPLIER
38,INTERNATIONAL GRAPHICS
38,INTERNATIONAL GRAPHICS LLC
,INTERNATIONAL GRATING AND FLANGES
,INTERNATIONAL GREENHOUSE COMPANY
,INTERNATIONAL GREENSCAPES LLC
,INTERNATIONAL GROUP
,INTERNATIONAL GROUP SERVICES CO LTD
39,INTERNATIONAL H2O
39,INTERNATIONAL H2O INC
,INTERNATIONAL HAIR AND BEAUTY SYSTE
,INTERNATIONAL HAIR CARE DISTRIBUTOR
,INTERNATIONAL HAIRGOODS
,INTERNATIONAL HANGER
,INTERNATIONAL HANGER SPICEWOOD SPRINGS RD
,INTERNATIONAL HARDWOODS OF MIAMI
,INTERNATIONAL HARVEST INC
,INTERNATIONAL HEAVY DUTY INC
,INTERNATIONAL HEAVY HAULERS
,INTERNATIONAL HERPETOLOGY CENTER INC
,INTERNATIONAL HOLE IN ONE ASSN
,INTERNATIONAL HOME & HOUSEWARES
40,INTERNATIONAL HOME DECOR
40,INTERNATIONAL HOME DECOR LLC
,INTERNATIONAL HOME FURNISHING CENTE
41,INTERNATIONAL HOME MIAMI CORP
41,INTERNATIONAL HOME MIAMI CORPORATIO N
,INTERNATIONAL HOSPITALITY
,INTERNATIONAL HOSPITALITY SERVICES
,INTERNATIONAL HOTEL &
,INTERNATIONAL HOUSEHOLD MFG INC
,INTERNATIONAL HOUSEWARE SOLUTIONS S
42,INTERNATIONAL IMAGING MATERIALS IN
42,INTERNATIONAL IMAGING MATERIALS INC
,INTERNATIONAL IMAGING MATERIALS LLC
,INTERNATIONAL IMPORT
43,INTERNATIONAL IMPORT & SUPPLIES
43,INTERNATIONAL IMPORT & SUPPLY LLC
,INTERNATIONAL IMPORT 5000 LLC
,INTERNATIONAL IMPORT LIMITED
,INTERNATIONAL IMPORT OF AMERICA IN
,INTERNATIONAL IMPORT SUPPLY INC
44,INTERNATIONAL IMPULSE
44,INTERNATIONAL IMPULSE INC
,INTERNATIONAL IMTIMATES INC
,INTERNATIONAL INC
,INTERNATIONAL INDUSTRIA AUTOMOTIVA
,INTERNATIONAL INDUSTRIA AUTOMOTIVA DA AMERICA DO SOUL LTDA
,INTERNATIONAL INDUSTRIAL LLC
,INTERNATIONAL INDUSTRIES DBA ENVIROKUT NOWELL
,INTERNATIONAL INDUSTRIES LTD
45,INTERNATIONAL INGREDIENT
45,INTERNATIONAL INGREDIENT CORP
,INTERNATIONAL INK CO LLC
,INTERNATIONAL INK COMPANY
,INTERNATIONAL INNOVATIONS INC
46,INTERNATIONAL INSPIRATIONS
46,INTERNATIONAL INSPIRATIONS LTD
,INTERNATIONAL INSPIRATIONS/NOIR JEW
,INTERNATIONAL INTERMODAL CENTER
,INTERNATIONAL INTIMATEX INC
,INTERNATIONAL INVESTMENT AUTO
,INTERNATIONAL KARTING PRODUCTS
,INTERNATIONAL KEY SUPPLY LLC
,INTERNATIONAL LABORATORIES
,INTERNATIONAL LANDMARK HOLDINGS INC
47,INTERNATIONAL LANGUAGE SCHOOL
47,INTERNATIONAL LANGUAGE SCHOOLS INC
48,INTERNATIONAL LASER PRODUCTS
48,INTERNATIONAL LASER PRODUCTS INC
,INTERNATIONAL LEAK DETECTION LLC
49,INTERNATIONAL LEATHER GOODS CO
49,INTERNATIONAL LEATHER GOODS LLC
,INTERNATIONAL LEATHER LLC
50,INTERNATIONAL LEISURE PRODUCT INC
50,INTERNATIONAL LEISURE PRODUCTS INC
50,INTERNATIONAL LEISUREPRODUCTS INC
,INTERNATIONAL LIGHTING CORP
51,INTERNATIONAL LINE S A
51,INTERNATIONAL LINE SA
,INTERNATIONAL LINEN LIMITED
,INTERNATIONAL LINEN LTD
,INTERNATIONAL LINK CARGO SA DE CV
,INTERNATIONAL LINK LOGISTICS
,INTERNATIONAL LIQUOR & TOBACCO TRADE NV GROUND DOVE
,INTERNATIONAL LIQUOR TOBACCO CRIB
,INTERNATIONAL LIQUOR TOBACCO GROUND DOVE
,INTERNATIONAL LIQUOR TOBACCO TRAD
,INTERNATIONAL LIQUOR TOBACCO TRADE A GROUND DOVE
,INTERNATIONAL LIQUOR TOBACCO TRADE ILTT J YRASQUIN
52,INTERNATIONAL LIQUOR TOBACCO TRADEJ YRAUSQUIN BOULEVARD
,INTERNATIONAL LIQUOR TOBACCO TRADELTD
52,INTERNATIONAL LIQUOR&TOBACCO TRADEJ YRAUSQUIN BOULEVARD
,INTERNATIONAL LIQUORS & TOBACCO TRA GROUND DOVE
,INTERNATIONAL LOBSTER AND MAGURO LLC
,INTERNATIONAL LOFT LLC
,INTERNATIONAL LOGISTICS AMMEG
,INTERNATIONAL LOGISTICS COORDINATOR
53,INTERNATIONAL LOGISTICS EXPRESS
53,INTERNATIONAL LOGISTICS EXPRESS IN
53,INTERNATIONAL LOGISTICS EXPRESS INC
,INTERNATIONAL LOGISTICS INC
,INTERNATIONAL LOGISTICS SERVICES
54,INTERNATIONAL LOGISTICS SOLUTION
54,INTERNATIONAL LOGISTICS SOLUTIONLLC
54,INTERNATIONAL LOGISTICS SOLUTIONS
54,INTERNATIONAL LOGISTICS SOLUTIONS C
55,INTERNATIONAL LOGISTICS SPEDITION
55,INTERNATIONAL LOGISTICS SPEDITIONS
56,INTERNATIONAL LOGISTICSCORP ILC C
56,INTERNATIONAL LOGISTICSCORP ILC CA
57,INTERNATIONAL LOGISTICSSERVICES
57,INTERNATIONAL LOGISTICSSERVICES 300
,INTERNATIONAL LOGO CONCEPTS
58,INTERNATIONAL LONGLINE SUPPLY
58,INTERNATIONAL LONGLINE SUPPLY INC
,INTERNATIONAL LOSS PREVENTION SYSTE MSADD
59,INTERNATIONAL LOTTERY & TOTALIZATOR
59,INTERNATIONAL LOTTERY & TOTALIZATOR SYSTEMS INC
,INTERNATIONAL LTD
,INTERNATIONAL LUMINAR GROUP
60,INTERNATIONAL LUSO FISH
60,INTERNATIONAL LUSO FISH INC
61,INTERNATIONAL MACHINE & FOUNDRY
61,INTERNATIONAL MACHINE & FOUNDRY LLC
61,INTERNATIONAL MACHINE FOUNDRY
61,INTERNATIONAL MACHINE FOUNDRY LLC
,INTERNATIONAL MACHINERY CO
,INTERNATIONAL MAGNAPRODUCTS INC
,INTERNATIONAL MAGNAPRODUCTS INCORPORATED
,INTERNATIONAL MAIL RECORDS
,INTERNATIONAL MAIL RECORDS 5940 FERGUSON
,INTERNATIONAL MANUFACTURING
,INTERNATIONAL MANUFACTURING &
62,INTERNATIONAL MANUFACTURING & ASSEM
62,INTERNATIONAL MANUFACTURING & ASSEM BLY LLC
62,INTERNATIONAL MANUFACTURING & ASSEMBLY
,INTERNATIONAL MANUFACTURING & DESIG
,INTERNATIONAL MANUFACTURING & LOGIS TICS LLC16163 W 45TH
,INTERNATIONAL MANUFACTURING AND
,INTERNATIONAL MANUFACTURING AND LOG ISTICS C/O FBA10240 OLD DOWD
,INTERNATIONAL MANUFACTURING ASSEM
,INTERNATIONAL MANUFACTURING ASSEMBLY
63,INTERNATIONAL MANUFACTURING SOLUTI
63,INTERNATIONAL MANUFACTURING SOLUTIO
,INTERNATIONAL MARBLE LLC
,INTERNATIONAL MARBLE&GRANITE SUPPLY INC
,INTERNATIONAL MARINE
64,INTERNATIONAL MARINE INDUSTRIES
64,INTERNATIONAL MARINE INDUSTRIES I
64,INTERNATIONAL MARINE INDUSTRIES IN
64,INTERNATIONAL MARINE INDUSTRIES INC
64,INTERNATIONAL MARINE PRODUCTS INC
65,INTERNATIONAL MARINE SYSTEMS
65,INTERNATIONAL MARINE SYSTEMS L
65,INTERNATIONAL MARINE SYSTEMS LLC
,INTERNATIONAL MARITIME AND LOGISTICS IML
,INTERNATIONAL MARKET SARVAL SHAVKAT
,INTERNATIONAL MARKETING GROUP
66,INTERNATIONAL MARKETING SPECIALIST
66,INTERNATIONAL MARKETING SPECIALISTS
,INTERNATIONAL MARKETING SYSTEM IMS
67,INTERNATIONAL MARKETING SYSTEM IMS TWO CORPORATE
,INTERNATIONAL MARKETING SYSTEMS
67,INTERNATIONAL MARKETING SYSTEMS IMS TWO CORPORATE
68,INTERNATIONAL MARKETING SYSTEMS LT
68,INTERNATIONAL MARKETING SYSTEMS LTD
,INTERNATIONAL MARKETING TWO CORPORATE
,INTERNATIONAL MARKETPLACE
69,INTERNATIONAL MARKETS GROUP
69,INTERNATIONAL MARKETS GROUP INC
,INTERNATIONAL MATERIALS GROUP
70,INTERNATIONAL MATERIALS SOURCE LLC
70,INTERNATIONAL MATERIALS SOURCELLC
,INTERNATIONAL MATEX TANK
71,INTERNATIONAL MATEX TANK TERMINAL
71,INTERNATIONAL MATEX TANK TERMINALS
,INTERNATIONAL MED WAY SHIPPING AND
72,INTERNATIONAL MED X
72,INTERNATIONAL MED X LTD
,INTERNATIONAL MEDIA PRODUCTS IMP
,INTERNATIONAL MEDICAL EQUIPMENT INC
,INTERNATIONAL MEDICAL LASERS LLC
,INTERNATIONAL MEDICATION SYSTEMS L
73,INTERNATIONAL MEDSURG CONNECTION INC
73,INTERNATIONAL MEDSURG CONNECTIONS I
74,INTERNATIONAL MERCHANDISE GROU
74,INTERNATIONAL MERCHANDISE GROUP
,INTERNATIONAL MERCHANDISE GROUP INC
,INTERNATIONAL MERCHANDISING LTD
,INTERNATIONAL METAL TECHNOLOGY SA D
75,INTERNATIONAL METAL TRADE
75,INTERNATIONAL METAL TRADE INC
,INTERNATIONAL METROPOLE CORP
,INTERNATIONAL MEZZO TECHNOLOGIES INC
76,INTERNATIONAL MILITARY ANTIQUE INC
76,INTERNATIONAL MILITARY ANTIQUES
76,INTERNATIONAL MILITARY ANTIQUES INC
77,INTERNATIONAL MINING & MARINE
77,INTERNATIONAL MINING & MARINE LTD
77,INTERNATIONAL MINING AND MARINE
77,INTERNATIONAL MINING AND MARINE LTD
,INTERNATIONAL MOBEL GROUP USA INC
,INTERNATIONAL MOBILE WORKS
78,INTERNATIONAL MOLD AND PRODUCTION L
78,INTERNATIONAL MOLD AND PRODUCTION LLC
,INTERNATIONAL MOTION SUPPLY LLC
79,INTERNATIONAL MOTOR CONTROLS
79,INTERNATIONAL MOTOR CONTROLS INC
80,INTERNATIONAL MOTOR PRODUCTS
80,INTERNATIONAL MOTOR PRODUCTS INC
,INTERNATIONAL MOTOR SPORTS LLC
81,INTERNATIONAL MOTORS LIMITED
81,INTERNATIONAL MOTORS LTD
,INTERNATIONAL MOTORS P O BOX
82,INTERNATIONAL MOULDING
82,INTERNATIONAL MOULDING INC
,INTERNATIONAL MOVERS NETWORK INC
,INTERNATIONAL MOVING CARGO SRL
83,INTERNATIONAL MULCH CO
83,INTERNATIONAL MULCH COMPANY
,INTERNATIONAL N AND H USA INC
,INTERNATIONAL N&H USA INC
,INTERNATIONAL NAIL SUPPLY LLC
,INTERNATIONAL NATURE NUTRACEUTICALS
,INTERNATIONAL NEWS INC
,INTERNATIONAL NORTH GROUP
84,INTERNATIONAL NUTRACEUTICALS
84,INTERNATIONAL NUTRACEUTICALS GROUP
85,INTERNATIONAL NUTRIENT TECHNOLOGIES
85,INTERNATIONAL NUTRIENT TECHNOLOGIES 9475TWIN OAKS
,INTERNATIONAL NUTRITION INC
,INTERNATIONAL OCEAN DISCOVERY PROGR
86,INTERNATIONAL OILS & CONCENTRATES
86,INTERNATIONAL OILS & CONCENTRATES INC
87,INTERNATIONAL OILS AND CONCENT RATES
87,INTERNATIONAL OILS AND CONCENTRATES
,INTERNATIONAL OILS AND CONCENTRATES N AVAIL
88,INTERNATIONAL OLIVARERA S A
88,INTERNATIONAL OLIVARERA SA C/O
88,INTERNATIONAL OLIVARERA SA C/O SE
88,INTERNATIONAL OLIVARERA SA C/O SE CORP
88,INTERNATIONAL OLIVARERA SA C/O SEAM
88,INTERNATIONAL OLIVARERA SA C/O SEAM CORP
89,INTERNATIONAL OPERATION & SERVICES
89,INTERNATIONAL OPERATIONS
89,INTERNATIONAL OPERATIONS & SERVICE
89,INTERNATIONAL OPERATIONS & SERVICE DCS
89,INTERNATIONAL OPERATIONS & SERVICES
89,INTERNATIONAL OPERATIONS & SERVICES DCS
89,INTERNATIONAL OPERATIONS & SERVICES INC
,INTERNATIONAL OPERATIONS & SERVICES INTERNATIONAL OPERATIONS & SERVICES INC
90,INTERNATIONAL OPERATIONS & SERVICES US IN
90,INTERNATIONAL OPERATIONS & SERVICES USA INC
,INTERNATIONAL OPERATIONS AGENT
,INTERNATIONAL OPERATIONS AND SERVIC
,INTERNATIONAL OPERATIONS AND SERVIC WALTER ACEVEDO
91,INTERNATIONAL OPERATIONS SERVICES
91,INTERNATIONAL OPERATIONS SERVICES LLC
,INTERNATIONAL OPERATNS & SVCS DCS
,INTERNATIONAL ORGANIZATION OF MIGRA
,INTERNATIONAL ORTHODONTIC SERVICES
,INTERNATIONAL OVERSEAS CO
,INTERNATIONAL PACIFIC HALIBUT
,INTERNATIONAL PACK & PAPER SRL
,INTERNATIONAL PACKAGING FILMS INC
,INTERNATIONAL PACKAGING SUPPLY INC
,INTERNATIONAL PACKAGING UNLIMITED
,INTERNATIONAL PACKERS SRL
92,INTERNATIONAL PAINT
92,INTERNATIONAL PAINT INC
93,INTERNATIONAL PAINT MEGA WAREHOUSE
93,INTERNATIONAL PAINT MEGA WH
,INTERNATIONAL PAINTERNATIONALLC
,INTERNATIONAL PAPER
94,INTERNATIONAL PAPER AND SUN CARTO
94,INTERNATIONAL PAPER AND SUN CARTONB
,INTERNATIONAL PAPER AND SUN CARTONBOARD CO LTD
,INTERNATIONAL PAPER AV
,INTERNATIONAL PAPER CANADA PULP HOL
,INTERNATIONAL PAPER CEDAR RIVER
,INTERNATIONAL PAPER COLUMBUS MILL
95,INTERNATIONAL PAPER COMPANY
95,INTERNATIONAL PAPER COMPANYS 601 CO
,INTERNATIONAL PAPER CONTAINER DIVIS
,INTERNATIONAL PAPER EL PASO
96,INTERNATIONAL PAPER EMP IND
96,INTERNATIONAL PAPER EMP IND AV
,INTERNATIONAL PAPER FRANKLIN
,INTERNATIONAL PAPER MANUFACTURING &
,INTERNATIONAL PAPER MANUFACTURING A INTERNATIONAL PAPER MANUFACTURING A11/F TOWER
,INTERNATIONAL PAPER MEXICO COMPANY
,INTERNATIONAL PAPER NEWARK
,INTERNATIONAL PAPER SALEM
,INTERNATIONAL PAPER SAVANNAH MILL
,INTERNATIONAL PAPER SAVANNAH MILL ADDRESS
,INTERNATIONAL PAPER SAVANNAH MILL W LATHROP
97,INTERNATIONAL PAPER SOLUTIONNS
97,INTERNATIONAL PAPER SOLUTIONS CO
,INTERNATIONAL PAPER SPACEKRAFT
,INTERNATIONAL PAPER STANLEY BLACK
,INTERNATIONAL PAPERBOX
,INTERNATIONAL PARTS EXPEDITORS
,INTERNATIONAL PARTS SERVICE LLC
98,INTERNATIONAL PARTS SUPPLY
98,INTERNATIONAL PARTS SUPPLY CORP
,INTERNATIONAL PET SUPPLIES AND DIST
99,INTERNATIONAL PETROLEUM PRODUCTS
99,INTERNATIONAL PETROLEUM PRODUCTS &
99,INTERNATIONAL PETROLEUM PRODUCTS & ADDITIVES CO INC
99,INTERNATIONAL PETROLEUM PRODUCTS & ADDITIVES COMPANY INC
99,INTERNATIONAL PETROLEUM PRODUCTS AD COMPANY
99,INTERNATIONAL PETROLEUM PRODUCTS AD COMPANY INC
99,INTERNATIONAL PETROLEUM PRODUCTS ADDITIVES COMPANY
99,INTERNATIONAL PETROLEUM PRODUCTS ADDITIVES COMPANY INC
99,INTERNATIONAL PETROLEUM PRODUCTS AN ADDITIVES COMPANY INC
99,INTERNATIONAL PETROLEUM PRODUCTS AND ADDITIVES COMPANY INC
,INTERNATIONAL PETROLEUM PRODUCTS COMPANY
,INTERNATIONAL PETROLEUM SERVICES I
,INTERNATIONAL PHARMACEUTICAL
,INTERNATIONAL PHARMACY SAS NIT
,INTERNATIONAL PHARMACY SAS TELEPHONE 57
,INTERNATIONAL PIPES
,INTERNATIONAL PIPING PRODUCTS INC
,INTERNATIONAL PLANT GROWERS INC
,INTERNATIONAL PLASTIC CO
,INTERNATIONAL PLATING SERVICE LLC
,INTERNATIONAL PLAY COMPANY
100,INTERNATIONAL PLYWOOD COM LLC
100,INTERNATIONAL PLYWOOD COMPANY LLC
101,INTERNATIONAL POINT OF VIEW INC
101,INTERNATIONAL POINT OFVIEW INC
,INTERNATIONAL POOL
102,INTERNATIONAL PORCELAIN COMPAN
102,INTERNATIONAL PORCELAIN COMPANY LLC
,INTERNATIONAL POTTERY LLC
,INTERNATIONAL POWDER COATINGS GROUP
,INTERNATIONAL POWER DC POWER SUPPLI 900GRAVES
,INTERNATIONAL POWER TRANSMISSION
,INTERNATIONAL POWER VENTURES CORP
103,INTERNATIONAL PRECISION CASTING SUP
103,INTERNATIONAL PRECISION CASTING SUPPLIERS
,INTERNATIONAL PRECISION INSTRUMENTS
,INTERNATIONAL PRIME FREIGHT LOGIS
104,INTERNATIONAL PROCESS SOLUTIONS
104,INTERNATIONAL PROCESS SOLUTIONS INC
,INTERNATIONAL PROCESSPLANTS AND EQU
,INTERNATIONAL PROCUREMENT SERVICES
,INTERNATIONAL PRODUCE GROUP
,INTERNATIONAL PRODUCE GROUP LLC
,INTERNATIONAL PRODUCE TRADE INC
,INTERNATIONAL PRODUCT MARKETING
,INTERNATIONAL PRODUCT MARKETING DBA
105,INTERNATIONAL PRODUCT MARKETING L
105,INTERNATIONAL PRODUCT MARKETING LL
105,INTERNATIONAL PRODUCT MARKETING LLC
106,INTERNATIONAL PRODUCT SOLUTIONS IN
106,INTERNATIONAL PRODUCT SOLUTIONS INC
,INTERNATIONAL PRODUCT SOURCES INC
,INTERNATIONAL PRODUCT SOURCING GROU
,INTERNATIONAL PRODUCT SUPPLY COMPAN Y
,INTERNATIONAL PRODUCT SUPPLY LLC
107,INTERNATIONAL PRODUCTS SOURC
107,INTERNATIONAL PRODUCTS SOURCING
107,INTERNATIONAL PRODUCTS SOURCING GR
107,INTERNATIONAL PRODUCTS SOURCING GRO
107,INTERNATIONAL PRODUCTS SOURCING GRO LEAP
107,INTERNATIONAL PRODUCTS SOURCING GRO UP INC
107,INTERNATIONAL PRODUCTS SOURCING GROUP
107,INTERNATIONAL PRODUCTS SOURCING GROUP INC
107,INTERNATIONAL PRODUCTS SOURCING GRP
,INTERNATIONAL PROJECT NETWORK LLC
108,INTERNATIONAL PROMOTIONAL IDEAS
108,INTERNATIONAL PROMOTIONAL IDEAS INC
,INTERNATIONAL PROMOTIONS
109,INTERNATIONAL PROMOTIONS LEADERSH
109,INTERNATIONAL PROMOTIONS LEADERSH LP
109,INTERNATIONAL PROMOTIONS LEADERSHI
109,INTERNATIONAL PROMOTIONS LEADERSHIP
,INTERNATIONAL PROTEIN COLLOIDS INC
110,INTERNATIONAL PUBLIC TERMINAL LLC
110,INTERNATIONAL PUBLIC TERMINALS
,INTERNATIONAL PURCHASING
,INTERNATIONAL PURCHASING EXCHANGE C/O SYSCO GUEST SUPPLY LLC
,INTERNATIONAL PURCHASING INC
,INTERNATIONAL QUALITY ADVANTAGE LLC
,INTERNATIONAL QUALITY INGREDIENTS U
,INTERNATIONAL QUIMICA CARTE S A
,INTERNATIONAL QUIMICA DE COBRE S A
,INTERNATIONAL QUIMICA DE COBRE S A DE C V
,INTERNATIONAL QUIMICA DE COBRE SA D
,INTERNATIONAL RAVISSAN CORP
,INTERNATIONAL RECTIFIER
111,INTERNATIONAL RECTIFIER MEXIC O
111,INTERNATIONAL RECTIFIER MEXICO
,INTERNATIONAL RECTIFIER MEXICO IRM
112,INTERNATIONAL REFRIGERATION
112,INTERNATIONAL REFRIGERATION PRODU
112,INTERNATIONAL REFRIGERATION PRODUCT
112,INTERNATIONAL REFRIGERATION PRODUCT INC
112,INTERNATIONAL REFRIGERATION PRODUCT S INC
112,INTERNATIONAL REFRIGERATION PRODUCTS INC
,INTERNATIONAL RELOCATION PARTNER
,INTERNATIONAL RENTAL BAHAMAS
,INTERNATIONAL RENTAL SERVICES INC
,INTERNATIONAL RESISTIVE CO INC
,INTERNATIONAL RESISTIVE CO OF TEXAS LLC
,INTERNATIONAL RESOURCE UTILIZATION
,INTERNATIONAL RESOURCES GROUP INC
,INTERNATIONAL RESOURCES INC
,INTERNATIONAL RESOURCES LLC
,INTERNATIONAL REUPHOLSTERY CORPORAT
,INTERNATIONAL RO
,INTERNATIONAL RUSTIC TILE
113,INTERNATIONAL RUSTIC TILE CARR
113,INTERNATIONAL RUSTIC TILE CARRETERA
,INTERNATIONAL RUSTIC TILE INC
,INTERNATIONAL RUSTIC TILE MRN
,INTERNATIONAL RUSTIC TITLE
,INTERNATIONAL SAGADIS LLC
,INTERNATIONAL SALES & MARKETING
114,INTERNATIONAL SALES AND ENGINEERING
114,INTERNATIONAL SALES AND ENGINEERING LTD
,INTERNATIONAL SCAFFOLDING AND TOOLS DBA ARIZONA WHOLESALE
,INTERNATIONAL SCAFFOLDING DBA ARIZONA WHOLESALE
,INTERNATIONAL SCHOOL OF ARIZONA
,INTERNATIONAL SCHOOL OF BOSTON
,INTERNATIONAL SCHOOL OF BROOKLYN ART CAROLINA BERMUDEZ
,INTERNATIONAL SCHOOL OF ORANGE COUNTY
,INTERNATIONAL SCHOOL SUPPLIES SOUTH BRUNSWICK INDUSTRIAL PARK
,INTERNATIONAL SEA & AIR SHIPPING
,INTERNATIONAL SEA FANE INC
,INTERNATIONAL SEAFOOD & BAIT LTD
115,INTERNATIONAL SEAFOOD AND BAIT LIMI
115,INTERNATIONAL SEAFOOD AND BAIT LTD
,INTERNATIONAL SEAFOOD BAIT LTD
,INTERNATIONAL SEAFOOD BROKERS INC
,INTERNATIONAL SEAFOOD VENTURES
,INTERNATIONAL SEAL CANADA
,INTERNATIONAL SEATRANSPORT COLOMB
,INTERNATIONAL SECURITY EXPERT CORP
,INTERNATIONAL SERVICE & MAINTENANCE
,INTERNATIONAL SERVICE AND
,INTERNATIONAL SERVICE DIVISION
,INTERNATIONAL SERVICES
,INTERNATIONAL SERVICES DIVISION TRADE CORPORATE CENTER BUILIDING
,INTERNATIONAL SERVICES INC
,INTERNATIONAL SERVICES SRL
,INTERNATIONAL SHADES LLC
,INTERNATIONAL SHARED WAREHOUSE LTD
,INTERNATIONAL SHARIF BIBLE SOCIETY
116,INTERNATIONAL SHIP REPAIR & MARINE
116,INTERNATIONAL SHIP REPAIR AND MARIN
117,INTERNATIONAL SHIPPING AGENCY
117,INTERNATIONAL SHIPPING AGENCY INC
,INTERNATIONAL SHIPPING LIMITED
118,INTERNATIONAL SHOPES
118,INTERNATIONAL SHOPPES
118,INTERNATIONAL SHOPPES INC
,INTERNATIONAL SIGNS INC
,INTERNATIONAL SILICON TRADE INC
,INTERNATIONAL SILICONES TECHNOLOGIE
,INTERNATIONAL SILK INC
,INTERNATIONAL SINO NEW MATERIAL DE
,INTERNATIONAL SLOT MACHINE SALES LT
,INTERNATIONAL SMOKING SYSTEMS
119,INTERNATIONAL SNUBBING SERVICES
119,INTERNATIONAL SNUBBING SERVICES L L
119,INTERNATIONAL SNUBBING SERVICES LLC
,INTERNATIONAL SOCIAL PRINT PAPER LI
,INTERNATIONAL SOCIETY FOR HUMAN
,INTERNATIONAL SOCIETY OF KRISHNA CO
,INTERNATIONAL SOURCE SUPPLY INC
,INTERNATIONAL SOURCING & PRODUCTS
,INTERNATIONAL SOURCING CONSORTIUM ON BEHALF OF INTERNATIONAL SUPPLY CO INC
,INTERNATIONAL SPECIAL ATTRACTIONS
,INTERNATIONAL SPECIALISTS INC
120,INTERNATIONAL SPECIALITY FOODS
120,INTERNATIONAL SPECIALITY FOODS INC
,INTERNATIONAL SPECIALITY PRODUCE INC
,INTERNATIONAL SPECIALITY PRODUCTS
,INTERNATIONAL SPECIALTY CHEMICALS &
121,INTERNATIONAL SPECIALTY PROD
121,INTERNATIONAL SPECIALTY PRODUCE
121,INTERNATIONAL SPECIALTY PRODUCE IN
121,INTERNATIONAL SPECIALTY PRODUCE INC
121,INTERNATIONAL SPECIALTY SERVICE INC
121,INTERNATIONAL SPECIALTY SERVICES I
121,INTERNATIONAL SPECIALTY SERVICES IN
121,INTERNATIONAL SPECIALTY SERVICES INC
,INTERNATIONAL SPICES LTD
,INTERNATIONAL SPIRIT AND WINE
,INTERNATIONAL SPIRITS & WINES LLC
,INTERNATIONAL SPIRITS AND WINE
,INTERNATIONAL SPIRITS AND WINES / W
,INTERNATIONAL SPIRITS AND WINES LL
,INTERNATIONAL SPORTS ASSOCIATION
,INTERNATIONAL SPROUT HOL
122,INTERNATIONAL SPROUT HOLDINGS
122,INTERNATIONAL SPROUT HOLDINGS INC
,INTERNATIONAL STAIR PRODUCTS
123,INTERNATIONAL STANDARD
123,INTERNATIONAL STANDARD VALVE
123,INTERNATIONAL STANDARD VALVE INC
,INTERNATIONAL STEEL AND COUNTERWEIG
,INTERNATIONAL STEEL FABRICATION INC
124,INTERNATIONAL STEEL SERVICE CORP
124,INTERNATIONAL STEEL SERVICE CORPORA ION N MCKINLEY
125,INTERNATIONAL STEEL TRADE PR INC
125,INTERNATIONAL STEEL TRADE PR INCORPORATED
,INTERNATIONAL STOCK FOOD
,INTERNATIONAL STONE DIST INC
126,INTERNATIONAL STONE QUARRIES
126,INTERNATIONAL STONE QUARRY
,INTERNATIONAL STONE SERVICES
,INTERNATIONAL STONEWORKS
127,INTERNATIONAL STRIPING PRODUCTS
127,INTERNATIONAL STRIPING PRODUCTS A
,INTERNATIONAL SUBMERSIBLE PUMPS CORPORATIVO ADUANAL
,INTERNATIONAL SUBMERSIBLE WATER PUM
128,INTERNATIONAL SUGARS
128,INTERNATIONAL SUGARS INC
129,INTERNATIONAL SUPERMARKET AND HALAL
129,INTERNATIONAL SUPERMARKET AND HALAL KABUL GROCERY
,INTERNATIONAL SUPPLIERS
130,INTERNATIONAL SUPPLIERS & CONTRACTO
130,INTERNATIONAL SUPPLIERS & CONTRACTORS INC
,INTERNATIONAL SUPPLIERS AND CONTRACTORS INTERSAC
,INTERNATIONAL SUPPLIERS INC
,INTERNATIONAL SUPPLY COOL INC
,INTERNATIONAL SUPPLY PARTNERS LLC
,INTERNATIONAL SUPPLY WHOLESALE LLC
,INTERNATIONAL SURFACE MAIL
,INTERNATIONAL SURREY CO LTD
,INTERNATIONAL SWIFT CARGO CIA LTDA
,INTERNATIONAL SYNERGIES LLC
,INTERNATIONAL SYNTHETIC IND INC
,INTERNATIONAL SYNTHETIC INDUSTRIES INC
131,INTERNATIONAL TABLEW ARE INC
131,INTERNATIONAL TABLEWARE INC
,INTERNATIONAL TEAS & HERBS CORP
,INTERNATIONAL TECH SOLUTION INC
,INTERNATIONAL TECHNICAL COATING DB
132,INTERNATIONAL TECHNOLOGIES
132,INTERNATIONAL TECHNOLOGIES &
,INTERNATIONAL TECHNOLOGIES AND SYSTEMS CORP
,INTERNATIONAL TECHNOLOGIES INC
,INTERNATIONAL TECHNOLOGY GMBH
133,INTERNATIONAL TENTNOLOGY
133,INTERNATIONAL TENTNOLOGY CO
133,INTERNATIONAL TENTNOLOGY CORP
,INTERNATIONAL TEST SOLUTION INC
,INTERNATIONAL TEXAS CABINETS RUBEN AYALA
134,INTERNATIONAL TEXTILE EXPORT LIMITED
134,INTERNATIONAL TEXTILE EXPORT LTD
135,INTERNATIONAL TEXTILES & APPAREL
135,INTERNATIONAL TEXTILES & APPAREL I
135,INTERNATIONAL TEXTILES & APPAREL INC
,INTERNATIONAL THERMAL RESEARCH LTD
136,INTERNATIONAL TILE & STONE INC
136,INTERNATIONAL TILE & STONE LLC
,INTERNATIONAL TILES ASHGO
,INTERNATIONAL TILES COMPANY
,INTERNATIONAL TIMBER CO LTD
137,INTERNATIONAL TIRE CENTER
137,INTERNATIONAL TIRE CENTRE
138,INTERNATIONAL TIRE CO
138,INTERNATIONAL TIRE CO LT
138,INTERNATIONAL TIRE CO LTD
138,INTERNATIONAL TIRES 1 LLC
138,INTERNATIONAL TIRES CO LTD
138,INTERNATIONAL TIRES LLC
139,INTERNATIONAL TONER COMPANY
139,INTERNATIONAL TONER COMPANY LLC
,INTERNATIONAL TONER CORP
140,INTERNATIONAL TRACTORS USA
140,INTERNATIONAL TRACTORS USA CORP
140,INTERNATIONAL TRACTORS USA CORPORAT
,INTERNATIONAL TRADE & CUSTOMS SPE
141,INTERNATIONAL TRADE & EXCHANGE USA
141,INTERNATIONAL TRADE & EXCHANGE USA INC
142,INTERNATIONAL TRADE & SOURCING
142,INTERNATIONAL TRADE & SOURCING LT
,INTERNATIONAL TRADE & TRANSPORT
,INTERNATIONAL TRADE ADVISORS CORP
,INTERNATIONAL TRADE AMERICA INC
,INTERNATIONAL TRADE AND EXCHANGE
,INTERNATIONAL TRADE AND MARKETING USA LLC
143,INTERNATIONAL TRADE AND SOURCING
143,INTERNATIONAL TRADE AND SOURCING LIMITED
143,INTERNATIONAL TRADE AND SOURCING LTD
,INTERNATIONAL TRADE AND TOOL
,INTERNATIONAL TRADE ASSOCIATES IN
144,INTERNATIONAL TRADE BROKERS AND
144,INTERNATIONAL TRADE BROKERS AND F
145,INTERNATIONAL TRADE CENTER
145,INTERNATIONAL TRADE CENTRE
146,INTERNATIONAL TRADE CONSULTANTS CO
146,INTERNATIONAL TRADE CONSULTANTS CO INC
,INTERNATIONAL TRADE CONTACTS
,INTERNATIONAL TRADE CORP
,INTERNATIONAL TRADE EAD GMBH
,INTERNATIONAL TRADE EXCHANGE USA
,INTERNATIONAL TRADE EXPANSION COMPA
,INTERNATIONAL TRADE EXPANSION CORP
,INTERNATIONAL TRADE GROUP
,INTERNATIONAL TRADE IMPORT LLC
,INTERNATIONAL TRADE ONE CORP
,INTERNATIONAL TRADE PARTNERS LLC
,INTERNATIONAL TRADE ROUTES
147,INTERNATIONAL TRADE SERVICES
147,INTERNATIONAL TRADE SERVICES LLC
,INTERNATIONAL TRADE SOLUTIONS INC
148,INTERNATIONAL TRADE WINDS
148,INTERNATIONAL TRADE WINDS LLC
,INTERNATIONAL TRADECONSULTANTS CO INC
,INTERNATIONAL TRADERS INC
,INTERNATIONAL TRANSIT & STORAGE
,INTERNATIONAL TRANSLOAD LOGISTICS
,INTERNATIONAL TRANSMISSION COMPANY
,INTERNATIONAL TRANSPORT SOLUTION SR
,INTERNATIONAL TRANSPORTATION SYSTEM
,INTERNATIONAL TREESCAPES LLC
149,INTERNATIONAL TRENDS BV
149,INTERNATIONAL TRENDS BV DELFTEN
,INTERNATIONAL TRINITY CUSTOMS BROKE
150,INTERNATIONAL TRUCK & ENGINE CORP
150,INTERNATIONAL TRUCK AND ENGINE CO
151,INTERNATIONAL TUMBLE STONE
151,INTERNATIONAL TUMBLESTONE
152,INTERNATIONAL TYCOONS
152,INTERNATIONAL TYCOONS ADDRESS
152,INTERNATIONAL TYCOONS ADDRESS 418 BROADWAY
,INTERNATIONAL TYCOONS LLC
,INTERNATIONAL VALVE AND CONTROL
,INTERNATIONAL VALVE COMPANY
,INTERNATIONAL VALVE INC
,INTERNATIONAL VAN LINES
,INTERNATIONAL VEHICLE SHIPPING LTD
,INTERNATIONAL VEHICLE SHIPPING SERV
153,INTERNATIONAL VENEER CO INC
153,INTERNATIONAL VENEER COMPANY INC
,INTERNATIONAL VENTURES INC
,INTERNATIONAL VETERINARY SUPPLIES
,INTERNATIONAL VINES
,INTERNATIONAL VINTAGE MANIA GROUP CO LTD
,INTERNATIONAL VIOLIN CO LTD
,INTERNATIONAL VISION
,INTERNATIONAL VISUAL CORP
,INTERNATIONAL VITAMIN CO LTD
154,INTERNATIONAL VITAMIN CORP
154,INTERNATIONAL VITAMINCORP
,INTERNATIONAL WAREHOUSE
,INTERNATIONAL WAREHOUSE GROUP
155,INTERNATIONAL WAREHOUSE SERVICES
155,INTERNATIONAL WAREHOUSING SERVICE
155,INTERNATIONAL WAREHOUSING SERVICES
,INTERNATIONAL WATERS ALPHA H
,INTERNATIONAL WATERS PTY LTD
,INTERNATIONAL WATERS T A ALPHA H
,INTERNATIONAL WAXES INC
,INTERNATIONAL WELDING ALLOYS INC
156,INTERNATIONAL WELDING TECH INC
156,INTERNATIONAL WELDING TECHNLOGIES
,INTERNATIONAL WHEEL COMPANY LLC
,INTERNATIONAL WHOLESALE MARKET
,INTERNATIONAL WHOLESALE TILE FL
,INTERNATIONAL WHOLESALE TILE LLC
157,INTERNATIONAL WHOLESALERS
157,INTERNATIONAL WHOLESALERS CORP
157,INTERNATIONAL WHOLESALERS CORPORATI
157,INTERNATIONAL WHOLESSALES
,INTERNATIONAL WINDING INC
,INTERNATIONAL WINDOW COVERINGS INC
,INTERNATIONAL WINE & CRAFT BEER
,INTERNATIONAL WINE & SPIRITS INC
158,INTERNATIONAL WINE AND SPIRIT
158,INTERNATIONAL WINE AND SPIRITS
158,INTERNATIONAL WINE AND SPIRITS INC
158,INTERNATIONAL WINE SPRITIS INC
,INTERNATIONAL WINES & CRAFT BEER
,INTERNATIONAL WINES & SPIRITS
,INTERNATIONAL WIPER CORP
,INTERNATIONAL WIPER USA LLC
,INTERNATIONAL WIPERS CORP
,INTERNATIONAL WIRE
,INTERNATIONAL WIRE BWD
,INTERNATIONAL WIRE CO
,INTERNATIONAL WIRE COMPANY
159,INTERNATIONAL WIRE GROUP
159,INTERNATIONAL WIRE GROUP INC
,INTERNATIONAL WOOD BUSINESS
,INTERNATIONAL WOOD BUSINESS LLC
,INTERNATIONAL WOOD GROUP LLC
,INTERNATIONAL WOOD TRADE
160,INTERNATIONAL WOODENWARE CORP
160,INTERNATIONAL WOODENWARE CORPORATIO
160,INTERNATIONAL WOODENWARE CORPORATIO P O BOX
161,INTERNATIONAL WORKBOAT SHOW
161,INTERNATIONAL WORKBOATSHOW
162,INTERNATIONAL ZOOLOGICAL SERVICES L
162,INTERNATIONAL ZOOLOGICAL SERVICES LLC
,INTERNATIONALDESIGN&DEVELOPMENT GARYWEISS
,INTERNATIONALE SPEDITION H & C FE
,INTERNATIONALES DE LA CASA S A
163,INTERNATIONALFLAVORS
163,INTERNATIONALFLAVORS&
163,INTERNATIONALFLAVORS&A
,INTERNATIONALFLAVORS&AFRAGRANCES
,INTERNATIONALINK COMPANY
,INTERNATIONALMANUFACTURING&LOGISTIC
,INTERNATIONALMINING MARINE LTD
,INTERNATIONALPAPER COMPANY
,INTERNATIONALPROCESS SOLUTIONS INC
,INTERNATIONALVITAMIN CORP
,INTERNATIONALWHOLESALE TILE
,INTERNATIONER SPECIALTY PRODU
,INTERNATIONL MATERIAL ONLY
164,INTERNATURAL MARKETING
164,INTERNATURAL MARKETING INC
,INTERNE DUNKERQUE
,INTERNE LE HAVRE
,INTERNEGOCE S A
,INTERNET ARCHIVE
,INTERNET PROFITS JAMES & JAMES
,INTERNET REVOLUTION EXPANSION INC
165,INTERNET WINE AND SPIRITS CO
165,INTERNET WINES & SPIRITS CO
,INTERNI DESIGN STUDIO
,INTERNI LLC
,INTERNL SEA TRANSPORT COLOMBIA LTDA
,INTERO INTEGRITY SERVICES HICHAM BENSALEM 1
,INTEROC CUSTER S A
166,INTEROC S A
166,INTEROC SA
,INTEROCEAN BROKERAGE LLC
,INTEROCEAN SEAFOOD TRADER INC
,INTEROCEAN SYSTEMS LLC
,INTEROCEANIC CORP
,INTERONE PLASTICS LTD
,INTEROUTE S A
,INTERPAC TECHNOLOGIES
,INTERPACK MACHINERY
,INTERPACK NW FROZEN FOODS INC
,INTERPACK SYSTEMS INC
,INTERPAN N V
,INTERPAPE POLYMER GROUP
,INTERPARFUM USA LLC
,INTERPARFUMES 60 STULTS
,INTERPARFUMES USA LLC
,INTERPARFUMS INC
,INTERPARFUMS LLC
167,INTERPARFUMS LUXURY BRAND
167,INTERPARFUMS LUXURY BRANDS
167,INTERPARFUMS LUXURY BRANDS INC
168,INTERPARFUMS USA
168,INTERPARFUMS USA LLC
,INTERPARUMS INC
,INTERPATH LABORATORY INC
,INTERPEC SAN MARCOS S A DE C V
,INTERPERFUMS DISTRIBUTION CENTER
,INTERPET C/O CENTRAL PET SANTA FE S PRINGS
,INTERPHASE INTERIORS INC
,INTERPHEX 2022 C/O GLATT GMBH
,INTERPIPE INC
,INTERPLAST GROUP LTD
,INTERPLAST INC
,INTERPLASTIZ S A DE C V
169,INTERPLEX ENGINEERED PRODUCTS
169,INTERPLEX ENGINEERED PRODUCTS INC
,INTERPLEX ETCH LOGIC LLC
170,INTERPLEX NAS INC
170,INTERPLEX NASCAL INC
171,INTERPLEX SOLAR
171,INTERPLEX SOLAR CO
172,INTERPLEX SUNBELT
172,INTERPLEX SUNBELT INC
,INTERPOD
,INTERPOD AMAZON COM SERVICES
,INTERPOD PTY LTD
,INTERPOOL INC
173,INTERPORE CROSS INTERNATIONAL LLC
173,INTERPORE CROSS INTL LLC
,INTERPORT CARGO LOGISTICS
,INTERPORT FREIGHT SERVICE INC
,INTERPORT FREIGHT SYSTEMS INC
,INTERPORT GLOBAL LOGISTICS PVT LTD
,INTERPORT GLOBAL LOGISTICS USA INC
,INTERPORT LOGISTICS ARUBA
,INTERPORT LOGISTICS CURACAO
174,INTERPORT LOGISTICS FTZ
174,INTERPORT LOGISTICS FTZ 281 17
,INTERPORT LOGISTICS FTZ M558
,INTERPORT LOGISTICS VBA
175,INTERPORT NEW JERSEY
175,INTERPORT NEW JERSEY NEWRK NJ
,INTERPORT PILOTS AGENCY INC
176,INTERPORT SECURITY PARKING OF GA
176,INTERPORT SECURITY PARKING OF GA S
,INTERPORT SYSTEMS INC
177,INTERPOWER INDUCTION
177,INTERPOWER INDUCTION USA
177,INTERPOWER INDUCTION USA INTER POWER CORP
178,INTERPRAL ULYSSE SAS
178,INTERPRAL ULYSSE SAS SAS
,INTERPRESENT CARIBBEAN INC
,INTERPRESENT CARIBBEAN N V
,INTERPRESS TECHNOLOGIES INC
,INTERPRINT INC
,INTERPRO DISTRIBUTION DE VIANDES IN
,INTERPRO WOOD INDUSTRIES LLC
,INTERPROME C/O DOMINION WAREHOUSE
,INTERPROME INC
,INTERPROME MARKETING INC
,INTERPROVINCIAL COOPERATIVE LTD
179,INTERPROVINCIAL CORROSION CO LTD
179,INTERPROVINCIAL CORROSION CONTROL C
179,INTERPROVINCIAL CORROSION CONTROL CO LT
179,INTERPROVINCIAL CORROSION CONTROL CO LTD
,INTERQUIM S A
,INTERQUIM S A DE C V
,INTERQUIMICA INDUSTRIAL S A
,INTERQUIN S A DE C V
,INTERQUIP USA
180,INTERQUIP USA KARL INTERQUIP NET
180,INTERQUIP USA KARL INTERQUIP NET4 DUKE
,INTERQUO GLOBAL GROUP
,INTERRA FOOD MARKETING LLC
,INTERRA FURNISHING INC
181,INTERRA INTERNATIONAL MEXICO S D
181,INTERRA INTERNATIONAL MEXICO S DE
181,INTERRA INTERNATIONAL MEXICO S DE R
181,INTERRA INTERNATIONAL MEXICO S DE R L DE C V
181,INTERRA INTERNATIONAL MEXICO S DE RL DE CV
,INTERRA USA INC
182,INTERRMOUNTAIN POWER AGENCY ATTN GENERATION PROJECT WEST BRUSH WELLMAN
182,INTERRMOUNTAIN POWER AGENCYATTN GENERATION PROJECT WEST BRUSH WELLMAN
183,INTERROL ATLANTA LLC
,INTERROL MANUFACTURING LLC
183,INTERROLL ATLANTA LLC
,INTERROLL AUSTRALIA PTY LTD
,INTERROLL CANADA LIMITED
,INTERROLL CORP
,INTERROLL ENGINEERING WEST INC
,INTERROLL MEXICO S DE RL DE CV
,INTERRUPTORES Y GABINETES ELECTRICO
,INTERSAND AMERICA
,INTERSCOPE MANUFACTURING INC
,INTERSEA SRL AS AGENT OF SARJAK
184,INTERSEAS TRADE CO
184,INTERSEAS TRADE COMPANY
,INTERSECT SYSTEMS INTERNATIONAL
,INTERSECTION DIGITAL ADVERTISING
,INTERSECTION MEDIA LLC
185,INTERSELL VENTURES
185,INTERSELL VENTURES LLC
,INTERSER NV
186,INTERSERVICIOS DIETHNIS S A DE C V
186,INTERSERVICIOS DIETHNIS SA DE CV
,INTERSERVICIOS SA
,INTERSHELL INTERNATIONAL CORP
,INTERSHEZ CORP
,INTERSIGN
,INTERSNACK PROCUREMENT BV
,INTERSOEC LLC
,INTERSOL LIMITED
187,INTERSOLAR NORTH AMERICA
187,INTERSOLAR NORTH AMERICA AND ENERGY
,INTERSOURCE OEM INC
,INTERSOURCE TECHNOLOGY/R R BRINK L
,INTERSPAC
,INTERSPACE INDUSTRIES CORP
,INTERSPACE INDUSTRIES S R L
,INTERSPACE LIVING NY LLC
,INTERSPAN CANADA INC
,INTERSPAN ELECTRICAL
,INTERSPAN ELECTRICAL CANADA INC
,INTERSPARES LTD
,INTERSPEC LLC
,INTERSPERSAL INC
,INTERSPICES LLC
188,INTERSPORT
188,INTERSPORT CORP
,INTERSTAR MATERIALS INC
,INTERSTARCH USA DAP
,INTERSTATE 5300 LAKESIDE
,INTERSTATE AG CONTAINERS
,INTERSTATE ASPHALT INC
,INTERSTATE ASSEMBLY SYSTEM INC
189,INTERSTATE BATTERIES
189,INTERSTATE BATTERIES INC
,INTERSTATE BEVERAGE CORP
,INTERSTATE BIT SERVICE CO
,INTERSTATE BRICK
,INTERSTATE CARRIER AND TRANSPORT
,INTERSTATE CHEMICAL INC
,INTERSTATE DETROIT DIESEL
,INTERSTATE DIESEL SERVICE
,INTERSTATE ELECTRICA CONTRACTORS
,INTERSTATE FIREWORKS INC
,INTERSTATE FIREWORKS MFG CO
,INTERSTATE FIVE COMPONENTS INC
,INTERSTATE FOAM SUPPLY INC
,INTERSTATE GLASS
,INTERSTATE GLASS OF AMITYVILLE NY INC
,INTERSTATE GOURMET COFFEE ROASTERS
,INTERSTATE GRAPHIC
190,INTERSTATE GRATING
190,INTERSTATE GRATINGS
190,INTERSTATE GRATINGS INC
191,INTERSTATE INTERNATIONAL
191,INTERSTATE INTERNATIONAL INC
,INTERSTATE LUMBER COMPANY
192,INTERSTATE MABEE LLC
192,INTERSTATE MC BEE LLC
192,INTERSTATE MCBEE
,INTERSTATE MCBEE EXPORT
,INTERSTATE MCBEE INC
,INTERSTATE MCBEE INTERSTATE DIESEL
192,INTERSTATE MCBEE L L C
,INTERSTATE MCBEE LAKESITE
192,INTERSTATE MCBEE LLC
,INTERSTATE METAL INC
193,INTERSTATE MOLDING & MFG INC
193,INTERSTATE MOLDING MFG INC
,INTERSTATE MOTORS
,INTERSTATE MVBEE LLC
,INTERSTATE NARROW FABRICS INC
,INTERSTATE PACKAGING
194,INTERSTATE POWER SYSTEM
194,INTERSTATE POWER SYSTEM INC
194,INTERSTATE POWER SYSTEMS
194,INTERSTATE POWER SYSTEMS INC
194,INTERSTATE POWERSYSTEMS
,INTERSTATE SCREW CORP
,INTERSTATE STEEL PROCESSING
195,INTERSTATE SUPPLIES & SERVICES
195,INTERSTATE SUPPLIES AND SERVICES
195,INTERSTATE SUPPLIES&SERVICES
,INTERSTATE THREADED PRODUCTS
,INTERSTATE TRADE COMPANY LLC
,INTERSTATE TREE LAND CLEARING
,INTERSTATE UNDERGROUND WH
,INTERSTATE WAREHOUSING
,INTERSTATE X
,INTERSTELLAR ENTERPRISE LLC
,INTERSTELLAR SURFACES INC
196,INTERSTITIAL ALLOYS
196,INTERSTITIAL ALLOYS L L C
196,INTERSTITIAL ALLOYS LLC
196,INTERSTITIAL ALLOYS LLS
,INTERSTONE LLC
197,INTERSTONE MARBLE & GRANITE LTD
197,INTERSTONE MARBLE AND GRANITE
197,INTERSTONE MARBLE AND GRANITE LIMIT
197,INTERSTONE MARBLE GRANITE LIMITED
,INTERSTRAP PACKAGING SYSTEMS INC
198,INTERSTUHL BUEROMOEBEL GMBH & CO
198,INTERSTUHL BUROMOBEL GMBH & CO
,INTERSTUHL INC
,INTERSTUHL LATAM S A DE C V
,INTERSTYLE CERAMIC & GLASS LTD
,INTERSURGICAL C/O MAIN OCEAN
,INTERSURGICAL INC
,INTERSYBARITE SA DE CV
,INTERTAPE INC
,INTERTAPE PACKAGING USA
,INTERTAPE POLYMER CORP
,INTERTAPE POLYMER WOVEN USA INC
198,INTERTEAM S A DE C V
198,INTERTEAM SA DE CV
,INTERTECH PLASTICS
,INTERTECH SUPPLY INC
,INTERTECK CANADA
,INTERTEK
,INTERTEK / ATI
,INTERTEK 16015 SHADY FALLS
,INTERTEK 16025 JACINTOPORT
,INTERTEK 1717 ARLINGATE
199,INTERTEK 1809 10TH
199,INTERTEK 1809 10TH ST
,INTERTEK 22155 68TH
,INTERTEK 2524 E JENSEN
,INTERTEK 25800 COMMERCENTRE
,INTERTEK 330 PFINGSTEN
,INTERTEK 45000 HELM
,INTERTEK 545 E ALGONQUIN
,INTERTEK ARIZONA MOBILITY TEST CENTER
,INTERTEK ATI
,INTERTEK ATI ADDRESS INTERTEK ATI
200,INTERTEK ATI ARCHITECTURAL
200,INTERTEK ATI ARCHITECTURAL TESTING
,INTERTEK ATI FRESNO
,INTERTEK ATI YORK
,INTERTEK AUTOMOTIVE RESEARCH
,INTERTEK CALEB BRETT
,INTERTEK CANADA
,INTERTEK COLUMBUS
,INTERTEK COMPANY
,INTERTEK CORTLAND
,INTERTEK DISTRIBUTION INC
,INTERTEK ETL SEMKO
,INTERTEK INDUSTRIAL CORP
,INTERTEK INS IDE SALES
201,INTERTEK INTERNATIONAL
201,INTERTEK INTERNATIONAL CORP
,INTERTEK PLANO
202,INTERTEK TESTING SERVICES
202,INTERTEK TESTING SERVICES NA
202,INTERTEK TESTING SERVICES NA INC
,INTERTEK YORK
,INTERTEK/ATI
,INTERTEK/ATI 22155 68TH
,INTERTEK/ATI 2524 EAST JENSEN
,INTERTERRA COMMERCIAL LENDING INC
,INTERTEX CAROUSELS CORP
,INTERTEX FRANKLIN
,INTERTEX LLC
,INTERTEX MIAMI LLC
,INTERTEX NEVADA
203,INTERTEX WORLD RESOURCES INC
203,INTERTEX WORLD RESOURCES INCORPORAT
,INTERTEX WORLD RESOURCES LTD
,INTERTEXWORLDRESOURCES INC
,INTERTHOR INC
,INTERTOOL LLC
,INTERTOYS B V
204,INTERTRACTOR AMERICA
204,INTERTRACTOR AMERICA CORP
,INTERTRACTOR NORTH AMERICA
,INTERTRADE 6 GAUTHIER STATION
,INTERTRADE CANADA LTD
,INTERTRADE COLLINS AEROSPACE
,INTERTRADE GROUP LLC
,INTERTRADE HOLDINGS INC
,INTERTRADE INDUSTRIES
,INTERTRADE OF JAX
205,INTERTRADE PORTO RICO
205,INTERTRADE PUERTO RICO
206,INTERTRADE S A DE C V
206,INTERTRADE SA DE CV
207,INTERTRADE SIGURDSSON & PARTNER
207,INTERTRADE SIGURDSSON & PARTNER GMB
208,INTERTRADE USA CO
208,INTERTRADE USA COM
208,INTERTRADE USA COMPANY
,INTERTRANS EXPRESS CANADA INC
,INTERTRANS EXPRESS INC
,INTERTRANS EXPRESS NY INC
,INTERTRANS NV
,INTERTRANSTRADE INTERNATIONAL FZE
,INTERTRIM LTDA
,INTERVAC DESIGN CORP
,INTERVALA LLC
,INTERVARSITY PRESS
,INTERVENTIONAL RADIOLOGY MATERIALS COORDINATOR HARTFORD HEALTHCARE
,INTERVET CANADA C/O LYNDEN INTERNAT
,INTERVET CANADA CORP
,INTERVET CENTRAL AMERICA S DE R L
209,INTERVET D B A MERCK ANIMAL HEALTH
209,INTERVET DBA MERCK ANIMAL HEALTH
,INTERVET INC
210,INTERVET INTERNATIONAL B V
210,INTERVET INTERNATIONAL BV
,INTERVET INTERNATIONAL GMBH
211,INTERVET MEXICO S A DE C V
211,INTERVET MEXICO SA DE CV
,INTERVET SCHERING PLOUGH ANIMAL HEALTH
,INTERVINE CONSULTING
,INTERVINE INC
,INTERVINOS NV
,INTERVISION FOODS
,INTERVISION GAMING US
,INTERVISION LLC
,INTERVISION TRADE
,INTERVITRO USA LLC
,INTERVLEES NV
212,INTERWALLIS
212,INTERWALLIS S A
212,INTERWALLIS SARL
213,INTERWEBZ DISTRIBUTING
213,INTERWEBZ DISTRIBUTING LLC
,INTERWEIGH SYSTEMS INC
,INTERWELL US LLC
214,INTERWEST SUPPLY COMPANY
214,INTERWEST SUPPLY COMPANY INC
,INTERWEST TRANSPORT
,INTERWIRE GROUP
,INTERWIRE PRODUCTS
,INTERWIRE PRODUCTS NA GROUP INC
,INTERWIRE TRADE EXPOSITION
,INTERWOLRD FREIGHT
215,INTERWOOD FOREST PRODUCT INC
215,INTERWOOD FOREST PRODUCTS
215,INTERWOOD FOREST PRODUCTS INC
,INTERWOOD TIMBER CO LTD
,INTERWOOD VIET NAM CO LTD
,INTERWORD FREIGHT S A
,INTERWORLD FREIGHT
,INTERWORLD FREIGHT INC
,INTERWORLD FREIGHT LTDA
,INTERWORLD FREIGHT PARTNER ZK
,INTERWORLD FREIGHT S A
,INTERWORLD FREIGHT S A PANAMA
,INTERWORLD FREIGHT S A S
,INTERWORLD FREIGHT SA
,INTERWORLD FREIGHT SAS
,INTERWORLD FREIGHT SRL
,INTERWORLD FREIGHT SRL DOMINICANN O
,INTERWORLD GROUP
216,INTERWORLD NETWORK INTERNATIONAL I
216,INTERWORLD NETWORK INTERNATIONAL INC
,INTERWORLD USA INC
,INTERWRAP CORP
,INTERX LOGISTICS LTDA
,INTERX TECHNOLOGIES
,INTESER GROUP
217,INTESER GROUP LLC
217,INTESERGROUP LLC
,INTESET TECHNOLOGIES
,INTEST THERMAL SOLUTIONS
,INTESTATARIO FATTURA HUNGARICUM LLC
,INTETBRANDS APPAREL INC
,INTEVA C/O ARGUS LOGISTICS
,INTEVA GADSDEN OPERATIONS
,INTEVA PRODUCTS
,INTEVA PRODUCTS BODY SYSTEMS USA L
,INTEVA PRODUCTS BROWNSVILLE OPERATI
,INTEVA PRODUCTS LLC
,INTEVA PRODUCTS VALLEY WAREHOUSE
218,INTEVA PRODUCTS/BODY SYSTEMS
218,INTEVA PRODUCTS/BODY SYSTEMS USA LL
218,INTEVA PRODUCTS/BODY SYSTEMS USA LL USA LLC
218,INTEVA PRODUCTS/BODY SYSTEMS USA LLC
218,INTEVA PRODUCTS/BODY SYSTEMS USAL LLC
,INTEVA PROYUCTS LLC
,INTEVAC INC
,INTEX CARGO INC
,INTEX CONNECTIONS INC
219,INTEX DIY INC
219,INTEX DIY INC100 LEGGETT
,INTEX FORMS INC
,INTEX INSUMOS TEXTILES SAS NIT900
,INTEX INTERNATIONAL EXTRUSIONS INC
,INTEX MAQUINARIAS E INSUMOS TEXTILE
,INTEX RECREATION CORP
220,INTEXCA INC
220,INTEXCA US INC
,INTHA PHONSAVAT
,INTHE BAG CO LTD
,INTHIRATH BOUNTHAVY KKFA JPPSO COLORADO SPRINGS CO
,INTI CORP
,INTI FASHION INC
,INTI FOOD TRADE LLC
221,INTICA SYSTEMS AG SPITALHOFSTRASSE
221,INTICA SYSTEMS SE SPITALHOFSTRASSE
,INTICE LLC
,INTIEARTH 26 BUTLER
,INTIGRAL INC
,INTIKISA PERU LLC
,INTIMATE APPAREL INC
,INTIMATECO LLC
,INTIMIDATOR INC
,INTIMIDATOR MEL
,INTIMO INC
,INTIMO LICENSING INC
,INTIMO WINES LLC
,INTIMUS INTERNATIONAL NORTH AMERICA
,INTIMUS NORTH AMERICA
,INTIRA LINKANOKRAT
,INTIRION CORP
,INTIRIUM LTD
,INTISAR MOHAMED
,INTIVITY INC
,INTKO SUPPLY LTD
,INTL AUTOMOTIVE COMPONENTS GROUP
,INTL BAG COMPANY
,INTL BRASS HOUSE
,INTL CASTINGS AND EQUIPMENT
,INTL CITRUS & PRODUCE
,INTL COFFEE VENDORS LLC
,INTL CONSOLIDATED CONTRACTING LLC
,INTL CORP
222,INTL EXPORT & IMPORT INC
222,INTL EXPORT IMPORT INC
,INTL FASTLINE FORWARDING INC
223,INTL FLAVORS & FRAGRANCES
223,INTL FLAVORS & FRAGRANCES INC
,INTL FLAVORS AND FRAGRANCES INC
,INTL FLORA TECHNOLOGIES LTD
,INTL FOOD BRANDS LLC
,INTL GOLDEN FOODS INC
,INTL GOURMET FODDS INC
,INTL GROUP
,INTL HAIR AND BEAUTY DBA SIMPLY ORG
,INTL HOME MIAMI CORP
,INTL KNIFE & SAW FLORENCE
,INTL MARBLE INDUSTRIES INC
,INTL MARITIME AND LOGISTICS IML
,INTL MARKETING SYSTEMS LTD
,INTL MOULDING
224,INTL OPERATIONS & SERVICES
224,INTL OPERATIONS & SERVICES USA
224,INTL OPERATIONS & SERVICES USA INC
224,INTL OPERATIONS & SERVICES USA LLC
224,INTL OPERATIONS AND SERVICE USA I
224,INTL OPERATIONS AND SERVICES
224,INTL OPERATIONS AND SERVICES USA
224,INTL OPERATIONS SERVICES USA
224,INTL OPERATIONS& SERVICES
,INTL PET SUPPLIES & DISTRIBUTION
,INTL PRODUCE GROUP LLC
,INTL PRODUCT MARKETING LLC
,INTL PRODUCTS SOURCING GROUP INC
,INTL PUMP MANUFACTURING INC
,INTL REFRIGERATION PRODUCTS INC
,INTL SEAFOOD & BAIT
,INTL SOURCING AND PRODUCTS INC
,INTL SWAMINARAYAN
,INTL TOUCH CONSOLIDATOR INC
225,INTL TRADE & SOURCING LTD
225,INTL TRADE AND SOURCING LTD
,INTL TRUCK & ENGINE
,INTMPE CONSULTING INC
,INTO APPAREL
,INTO BLISS INC
,INTO THE BLUE
,INTO THE ORDER OF
226,INTO THE WILD OVERLAND T/AS BOREAS
226,INTO THE WILD OVERLAND T/AS BOREAS CAMPERS
,INTOEUROPE SALES LTD
,INTOKEM SERVICES LTD
,INTOOLS LIMITED
,INTOOLS ONC C/O AGRATI MEDINA JACO
,INTOP INTERNATIONAL SINGAPORE PTE
,INTOPRINT TECHNOLOGIES INC
,INTORA INC
227,INTORQ U S INC
227,INTORQ US INC
,INTOTECH INC
,INTOU TRADE INC
,INTOUCH FOOTWEAR INC
,INTOUCH HOLDINGS LLC
228,INTOUCH INDUSTRIAL THAILAND CO
228,INTOUCH INDUSTRIAL THAILAND CO LTD
,INTOUCH TRADE INC
,INTOWN DONUTZ
,INTOXIMETER INC
,INTOXIMETERS 2081 CRAIG
,INTOXIMETERS INC
,INTRA COASTAL DELIVERY SERVICE
229,INTRA EUROPE B V
229,INTRA EUROPE BV
,INTRA LIGHTING US LLC
,INTRA LLC
230,INTRA MAR SHIPPING S A S
230,INTRA MAR SHIPPING S AS ACI CODE
,INTRA TECHNOLOGIES PR LLC
,INTRABILLING DGF ISC ETOWN
,INTRAC CORP
,INTRACAMION SPEDITION CONSULTING GM
,INTRACEUTICALS LLC
231,INTRACHEM INDUSTRIES INC
231,INTRACHEM INDUSTRIES INCORPORATED
232,INTRACO INC
232,INTRACOM USA
232,INTRACOM USA INC
,INTRADE
,INTRADE 7101 CHINO
233,INTRADE CONSULTANS INC
233,INTRADE CONSULTANTS INC
233,INTRADE CONSUTANTS INC
,INTRADE LOGISTICS CORP
,INTRADE LOGISTICS CORP C/O
,INTRADE LOGISTICS S A DE C V
234,INTRADECO APPAREL
234,INTRADECO APPAREL INC
234,INTRADECO APPREL INC
,INTRADECO LOGISTICS INC
,INTRADECONSULTANTS INC
,INTRADESIGN GROUP LLC
,INTRADRILL GMBH
,INTRAL INC
,INTRAL WORLDWIDE LLC
235,INTRALIN CORP
235,INTRALIN CORPO
235,INTRALINCORP
,INTRALOGIX S A DE C V
236,INTRALOT
236,INTRALOT INC
237,INTRALOX
237,INTRALOX INC
237,INTRALOX L L C
237,INTRALOX LLC
237,INTRANSIA LLC
,INTRANSIA LOGISTICS WORLD WISE
,INTRANSIA WORLD WISE LOGISTICS
,INTRANSIT TECHNOLOGIES CORP
,INTRANSITNOW LLC
,INTRANSONIC TECHNOLOGY INC
,INTRAOCM USA INC
,INTRAPAC INDIANA INC
,INTRAPLAS S A S
238,INTRASONIC TECHNOLOGY
238,INTRASONIC TECHNOLOGY INC
239,INTRATEXT DE EI SALVADOR S A
239,INTRATEXT DE EI SALVADOR S A DE C V
,INTRAVAIA ALEX J JPPSO SAT/PPD
,INTRAVIS INC
,INTRAVISION GREENS NIAGARA INC
,INTRAVISION GREENS USA INC
,INTREGRATED SUPPLY NETWORK
,INTREND DESIGN STUDIO INC
240,INTREND GLOBAL
240,INTREND GLOBAL CORP
,INTREND GLOBAL INC
,INTREP S A
,INTREP SOCIEDAD ANONIMA
,INTREPID CAMP GEAR
,INTREPID DDS
241,INTREPID DIRECTIONAL DRILLING
241,INTREPID DIRECTIONAL DRILLING SPE
241,INTREPID DIRECTIONAL DRILLING SPECI
,INTREPID EAGLE LOGISTICS INC
,INTREPID INDUSTRIES INC
,INTREPID INNOVATIONS INC
242,INTREPID MARBLE & GRANITE
242,INTREPID MARBLE & GRANITE INC
242,INTREPID MARBLE & GRANITE N
242,INTREPID MARBLE AND GRANITE
,INTREPID ROOSTER LLC
243,INTREX INTERNATIONAL
243,INTREX INTERNATIONAL INC
,INTRIC GROUTING SOLUTIONS LLC
,INTRICATE 1701 MIDLAND
,INTRICATE METAL FORMING CO
,INTRIGUE EVENT CENTER
,INTRIGUE LIGHTING LLC
,INTRINSIC ADVANCED MATERIALS
,INTRINSIC BRANDS
,INTRINSIC LLC
,INTRIPLEX TECHNOLOGIES
,INTRIVO DIAGNOSTICS INC
,INTRO FABRIC
,INTRO TEC LLC
,INTRODUCCION DE MERCADERIA INTERNAC
,INTROM TEXTIL SA DE CV
,INTROMARKETING
,INTROMARKETING 3961 SCHAEFER
,INTROPA SPEDITION SGESELLSCHAFT MBH
,INTROSPECTIVE SOLUTIONS INC
,INTRUDER INC
,INTRUMENTACI N M DICA SA DE CV
,INTSHADE LLC
,INTUIT MAILCHIMP INTUIT INC
,INTUITION INC
,INTUITION ROBOTICS INC
,INTUITION TRADE COMPANY
,INTUITIVE REAL ESTATE SOLUTIONS
,INTUITIVE SOLUTIONS LLC
,INTUITIVE SURGICAL
,INTUITIVE SURGICAL DEVICES
,INTUITIVE SURGICAL INC
,INTUITIVE SURGICAL INCORPORATED
,INTUITIVE SURGICAL OPERATIONS INC
,INTUITIVE SURGICAL OPS IA&E
,INTUITIVE SURGICAL S DE R L DE C V
,INTUITY MEDICAL INC
244,INTUS WINDOWS
244,INTUS WINDOWS LLC
,INTXUS LLC
,INUS CO LTD
,INUS HOME USA INC
,INUSA GLOBAL LLC
245,INUSA MANUFACTURING LLC
245,INUSAMANUFACTURING LLC
,INUSITUS LLC
,INUSTRIAL SALES CO INC
,INUTRA SOLUTIONS INC
,INV CONTRACTING LLC
,INV JEROMA CA
,INV JEROMA CA CALLE BOLIVAR SAN ANTONIO DE LOS A
,INV JUAN ARTURO ESPINOLA
,INV MOCHI2 LLC
246,INV NYLON CHEMCIASL AMERICAS LLC
246,INV NYLON CHEMICALS AMERICA LLC
246,INV NYLON CHEMICALS AMERICAS
246,INV NYLON CHEMICALS AMERICAS LLC
,INV NYLON POLYMERS
,INV PERFORMANCE MATERIALS LLC
,INV PERFORMANCE SURFACES LLC
,INVACARE
,INVACARE AZ DC
,INVACARE CANADA L P
247,INVACARE COOPERATION
247,INVACARE COOPERATION NVACARE AZ DC
247,INVACARE COPORATION
247,INVACARE CORP
,INVACARE FL DC
,INVACARE INTERNATIONAL SARL
,INVACARE NEW ZEALAND
,INVACARE RESPIRATORY
,INVACUS LLC
,INVADERM CORP
248,INVAGEN PHARMACEUTICALS INC
248,INVAGEN PHARMACEUTICALS INC 550 S
,INVAHEALTH INC
,INVAL AMERICA LLC
,INVALSA COFFEE
,INVAMEX
249,INVAMEX 7801 S JACKSON
249,INVAMEX 7801S JACKSON
,INVAMEX BEDS MANUFACTURING
250,INVAMEX DIVISION OF INVACAR
250,INVAMEX DIVISION OF INVACARE
,INVAP SE SUCURSAL BOLIVIA
,INVAPHARM INC
,INVAR SOLUTIONS LLC
,INVASIX INC
,INVATA INC
251,INVATECH PHARMA SOLUTIONS LLC
251,INVATECH PHARMA SOLUTIONS LLP
,INVATIVE INC
252,INVE AQUACULTURE
252,INVE AQUACULTURE INC
,INVE AQUACULTURE MEXICO CARRETERA INTERNATIONAL
,INVE AQUACULTURE MEXICO SA DE CV
,INVECH PRODUCTS INC
,INVECH TRADE INC
253,INVECO S A DE C V
,INVECO S R L
253,INVECO SA DE CV
,INVEDELCA S A
,INVEDUC SA DE CV
,INVEFARMA S A
,INVEFARMA SOCIEDAD ANONIMA
,INVENCO GROUP LTD
,INVENCO I2 INCORPORATED
,INVENCO INC
,INVENDA US INC
,INVENERGY 1311 NELSON
,INVENERGY SERVICES LLC
254,INVENERGY SOLAR EQUIPMENT MANAGEMEN
254,INVENERGY SOLAR EQUIPMENT MANAGEMEN ONE SOUTH WACKER
254,INVENERGY SOLAR EQUIPMENT MANAGEMENT LLC
,INVENGINEERING ENTERPRISES LLC
,INVENGO AMERICAN CORP
,INVENGO TECHNOLOGY CORP
,INVENINVENTORY SALES COMPANY
,INVENIO ALTERNATE CARE SOLUTIONS L
,INVENIO ENGINEERING LLC
,INVENIO PROCEDURE SOLUTIONS LLC
,INVENSENSE INC
255,INVENT ENVIRONMENTAL TECHNOLGIE INC
255,INVENT ENVIRONMENTAL TECHNOLIGIES
,INVENT ENVIRONMENTAL TECHNOLOGIES C/O WATER RECLAMATION FACILITY
255,INVENT ENVIRONMENTAL TECHNOLOGIES I
,INVENT ENVIRONMENTAL TECHNOLOGIES I 218 LITTLE FALLS
255,INVENT ENVIRONMENTAL TECHNOLOGIES INC
,INVENT FILTRATION TECHNOLOGIES INC
,INVENT S A DE C V
,INVENT SOLUTION LIMITED
256,INVENTABLES
256,INVENTABLES INC
,INVENTAGON INVENTAGON
257,INVENTEC C O EP LOGISTICS LLC
257,INVENTEC C/O EP LOGISTICS LLC
258,INVENTEC CORP
258,INVENTEC DISTRIBUTION N A CORP C O
258,INVENTEC DISTRIBUTION N A CORPORAT
258,INVENTEC DISTRIBUTION NA CORP
259,INVENTEC IEC TECHNOLOGIES
259,INVENTEC IEC TECHNOLOGIES C O EP LO
259,INVENTEC IEC TECHNOLOGIES C/O
259,INVENTEC IEC TECHNOLOGIES C/O EP
259,INVENTEC IEC TECHNOLOGIES C/O EP LO
259,INVENTEC IEC TECHNOLOGIES C/O V9601 PAN AMERICAN
,INVENTEC N A DISTRIBUTION CORP
,INVENTEC ON BEHALF OF HP INC
260,INVENTEC PERFOMR CHEMICALS USA
260,INVENTEC PERFORM CHEMICALS USA
,INVENTECN A DISTRIBUTION CORP
,INVENTEL TV LLC
,INVENTEX MEDICAL
,INVENTION MAISON
,INVENTIST INC
261,INVENTIT LLC
261,INVENTIVE LLC
,INVENTIVE MEDIA LLC
,INVENTIVE RESOURCES INC
,INVENTOR RELATIONS INC
,INVENTOR STEPS DBA GIGAPASCAL
,INVENTOR STEPS INC
,INVENTORS ROW INC
,INVENTORY ADJUSTERS INC
262,INVENTORY LIQUIDATORS CORP
262,INVENTORY LIQUIDATORS CROP
263,INVENTORY PRESS
263,INVENTORY PRESS LLC
,INVENTORY SALES COMPANY
,INVENTORY SERVICES LLC
,INVENTORY SOLUTIONS LTD
,INVENTORY TRADE COMPANY
,INVENTPRISE INC
,INVENTRONICS USA INC
,INVENTUR RINGCENTER LTD
,INVENTURE KOREA
,INVENTUS DESIREE FELICIANO
264,INVENTUS POWER C/O NORMAN KRIEGER
264,INVENTUS POWER C/O NORMAN KRIEGER CUSTOMS BROKER & 3PL
264,INVENTUS POWER C/O NORMAN KRIEGER I
264,INVENTUS POWER C/O NORMAN KRIEGER INC
265,INVENTUS POWER ELECTRONICA LTD
265,INVENTUS POWER ELET DO BRASIL LTDA
265,INVENTUS POWER ELETRONICA DO BRASIL
265,INVENTUS POWER ELETRONICA DO BRASIL LTDA
,INVENTUS POWER INC
266,INVENTUS USA
266,INVENTUS USA CORP
267,INVEPLAST DE R L DE C V
267,INVEPLAST S DE RL
268,INVERACCESORIOS LA AMERICANA
268,INVERACCESORIOS LA AMERICANA C A
,INVERAFRUT HOLLAND B V
,INVERAGROCORP S A
,INVERCIONES EMANUEL
,INVERDRON JGWS SAS CARRERA
,INVERFLOHORSA
,INVERGROW SA DE CV
,INVERLAND S DE RL
,INVERLON USA LLC
,INVERMEX SISTEMAS SA DE CV
,INVERNA PRODUCE CORP
269,INVERNADEROS ESPECIALIZADOS S A
269,INVERNADEROS ESPECIALIZADOS S A DE C V
269,INVERNADEROS ESPECIALIZADOS SA DE
269,INVERNADEROS ESPECIALIZADOS SA DE C
269,INVERNADEROS MEXICANOS DEL PACIFICO
269,INVERNADEROS MEXICANOS DEL PACIFICO ALEJANDRO CAMACHO
,INVERNADEROS MUVA S A DE C V
,INVERNADEROS TECNOLOGICOS S A
,INVERNESS MEDICAL LLC
270,INVERPACK SAS
270,INVERPACK SAS CARRERA
,INVERPLAST S R L
271,INVERSAND CO
271,INVERSAND COMPANY
,INVERSIOCES NOVA SPIRIT SA
,INVERSION OCAMPO SAS
,INVERSIONERS CURIO LLC
,INVERSIONES 02102015 C A
272,INVERSIONES 1
272,INVERSIONES 111185 CA
,INVERSIONES 251233 C A
273,INVERSIONES 5556
273,INVERSIONES 5556 COMPANIA
274,INVERSIONES AB88 C A
274,INVERSIONES AB88 CA
,INVERSIONES ADACADABRA
,INVERSIONES AGA S A
275,INVERSIONES ALCON L R M
275,INVERSIONES ALCON L R M C A
,INVERSIONES ALDEMAR S A
,INVERSIONES ALESSANDRINI SPA
,INVERSIONES ALICUN SRL
276,INVERSIONES ALIMENTOS STANDARD C A
276,INVERSIONES ALIMENTOS STANDARD CA
277,INVERSIONES ALL IN ONE C A
277,INVERSIONES ALL IN ONE CA
,INVERSIONES ALUMAX CA
278,INVERSIONES ALZATE LOPEZ S A
278,INVERSIONES ALZATE LOPEZ SAS
,INVERSIONES AMALGAMADAS SA DE CV
,INVERSIONES ANA ISABEL
,INVERSIONES ANCIME
,INVERSIONES ANGEL TORRES EIRL
,INVERSIONES AREA 51 INC
,INVERSIONES ARIAS SUSANA SRL
,INVERSIONES ARROCERAS S A
,INVERSIONES ARROCERAS SA AVENIDA MONUMENTAL CASA
,INVERSIONES ART KASA C A
,INVERSIONES ASG SAS AV
,INVERSIONES ASG SAS NIT
,INVERSIONES AUSTRAL SRL
,INVERSIONES AVICOLAS C A
,INVERSIONES AZUL DEL ESTE
,INVERSIONES BALASTEX CA
,INVERSIONES BALUJE S A
,INVERSIONES BARMO B Y M S A
,INVERSIONES BARRIA S A
,INVERSIONES BASTILLA INTERNATIONAL
,INVERSIONES BELUA SRL
,INVERSIONES BPM SPA EMILIO VAISSE
,INVERSIONES BRACARLI SAS
,INVERSIONES BREDDY AUTO IMPORT SRL
,INVERSIONES BULBUL CA CASA
,INVERSIONES C G A C A
279,INVERSIONES CAFETALERAS ARIMON
279,INVERSIONES CAFETALERAS ARIMON S A
279,INVERSIONES CAFETALERAS ARIMON SA
,INVERSIONES CALUNA LTDA
,INVERSIONES CANAIMA
,INVERSIONES CANALES S A
,INVERSIONES CAREMO SRL
280,INVERSIONES CARGOGROUP LOGISTICS
280,INVERSIONES CARGOGROUP LOGISTICS SP
,INVERSIONES CARIBE IMPORT C A
,INVERSIONES CARONELLA CA
,INVERSIONES CASA AMERICA C A
,INVERSIONES CATAY DEL ORIENTE SA
,INVERSIONES CAXIAS C A
,INVERSIONES CAYSAL SAC
,INVERSIONES CB USA
281,INVERSIONES CDE C A
281,INVERSIONES CDE CA
282,INVERSIONES CGA CA
282,INVERSIONES CGACA
,INVERSIONES CHILE AUSTRAL LIMITADA
,INVERSIONES CHILIA SA
,INVERSIONES CLIMANATURA C A
,INVERSIONES CM EL HATILLO C A
,INVERSIONES COBAN S DE RL COL AMERICA CASA
,INVERSIONES CONSTRURANDER SRL
,INVERSIONES COPAHUE
,INVERSIONES CORALILLO SAS
,INVERSIONES CORIANDER SRL
,INVERSIONES COVEN S DE RL DE CV
,INVERSIONES CRONOS DAY INC
,INVERSIONES CURIO LLC
,INVERSIONES CYS S A
283,INVERSIONES DABAR S A
283,INVERSIONES DABAR SAS
,INVERSIONES DCL PERU SAC
,INVERSIONES DE OMOA
,INVERSIONES DICAST IMPORT Y EXPORT SPA RUT
,INVERSIONES DISCARIBBEAN S A
,INVERSIONES DOJA S A
,INVERSIONES DYERSBURG SRL
,INVERSIONES E & R
,INVERSIONES E INMOBILIARIA AZUL DEL PACIFICO S A
,INVERSIONES EAV SAS
,INVERSIONES EDEN C A
,INVERSIONES EINVERS C A
,INVERSIONES EL REY LEON
,INVERSIONES ENB ADDRESS COLONIA COUNTRY MAIN
284,INVERSIONES ENERGETICAS S A DE C V
284,INVERSIONES ENERGETICAS SA DE CV
,INVERSIONES ENERGY
,INVERSIONES EOLICAS CAMPOS AZULES
,INVERSIONES EOLICAS DE OROSI DOS S A
,INVERSIONES EOLICAS GUANACASTE SA
,INVERSIONES ESTEBAN Y CIA S EN CS
,INVERSIONES EUROFRUTAS M&F
,INVERSIONES FEDURO
,INVERSIONES FINCA VERDE CA
,INVERSIONES FONTANOL C A
,INVERSIONES FRAGANCE S A
,INVERSIONES FRANCO IMPORT VALENCIA
,INVERSIONES GDG DE CV
,INVERSIONES GENERALES JACK S A
,INVERSIONES GIANBO C A
,INVERSIONES GLAMAR SOCIEDAD DE RESP
,INVERSIONES GLOBAL HOME
,INVERSIONES GOLD OCEAN IMPORT C A
,INVERSIONES GRAND IMPORT C A
,INVERSIONES GUIAPAL
,INVERSIONES HAFEJI S A
,INVERSIONES HIZAMAR S A
,INVERSIONES HMCR SAS
,INVERSIONES HONESTLY DOMINICANA S R
285,INVERSIONES HOTELERAS PLAYA POCHOTE
285,INVERSIONES HOTELERAS PLAYA POCHOTE SRL
,INVERSIONES IBA
,INVERSIONES ICM COSIRIS S A
,INVERSIONES INTERAMERICANAS S A
,INVERSIONES INTERDESA C A
,INVERSIONES INTERNATIONALES SPA
,INVERSIONES ISGLOVI MARKET C A
,INVERSIONES ISLA
,INVERSIONES JESSY S DE R L DE C V
286,INVERSIONES JJ MAST
286,INVERSIONES JJ MAST S A
286,INVERSIONES JJMAST S A
286,INVERSIONES JJMAST SA OFIBODEGA
287,INVERSIONES JOCEMA S A
287,INVERSIONES JOCEMA SAC
,INVERSIONES JOCLA S A
,INVERSIONES JUAN ARTURO ESPINOLA
,INVERSIONES KLENEDUR
,INVERSIONES KOQUETISIMA
,INVERSIONES LA ESMERALDA S A
,INVERSIONES LA TARQ USA S A
,INVERSIONES LABBD
,INVERSIONES LAMITOP C A
,INVERSIONES LARREA SRL
,INVERSIONES LEMPIRA COMAYAGUELA
,INVERSIONES LEMUS
,INVERSIONES LIKI
,INVERSIONES LIZAL S A
,INVERSIONES LLACAR S A
,INVERSIONES LO MEJOR
,INVERSIONES LUZ DE MARIA S A DE C V
,INVERSIONES M&M S A
,INVERSIONES MAQUI COSTURA
,INVERSIONES MAREVE SA
,INVERSIONES MARMOL EXPRESS C A
288,INVERSIONES MATERIALES
288,INVERSIONES MATERIALES HN
,INVERSIONES MATERIALES INVEMA
,INVERSIONES MEDICAS NEO SALUD C A
,INVERSIONES MEDITERRANEA LLC
,INVERSIONES MENDEZ GROUP
,INVERSIONES MESAL S A
,INVERSIONES METALMECANICAS DE ORIEN 2DA
289,INVERSIONES METROLLANTAS S A
289,INVERSIONES MISAEL SUAREZ S A
,INVERSIONES MM S A
,INVERSIONES MOLIFINA SAC
,INVERSIONES MONTECARLO SA DE CV
,INVERSIONES MORRIGA LUNA
,INVERSIONES MOTA LA JARA SRL
,INVERSIONES MOTOR S LARA C A
,INVERSIONES NAIDA HOGAR CA RIF J
,INVERSIONES NASUL C A
,INVERSIONES NINJA S A
,INVERSIONES NULAN SPA
,INVERSIONES OCHO CEROS C A
,INVERSIONES OCHOA CASTILLO
,INVERSIONES OCHOA PARTS CA INC
,INVERSIONES OCRE ROJO S A
,INVERSIONES OKAR LLC
290,INVERSIONES OLEA S A
290,INVERSIONES OLEAJES
,INVERSIONES OLEAJES DE COSTA RICA S A
,INVERSIONES OLIVA AUSTRAL LIMITAD
,INVERSIONES ONODERA S A
,INVERSIONES OP SOCIEDAD ANOMINA DE
,INVERSIONES ORIDAMA SOCIEDAD ANONIM
,INVERSIONES OTEY LIMITADA
,INVERSIONES PALMETO LTDA
,INVERSIONES PARAM SPA
,INVERSIONES PARRA PINEROS Y CIA SAS
,INVERSIONES PLASTICAS E I R L
,INVERSIONES POCA LU SA
,INVERSIONES POCAHONTAS SA
,INVERSIONES PRACO IMPORT C A
,INVERSIONES PRIMAVERA S A
291,INVERSIONES PRIMAVERA SA DE CV
291,INVERSIONES PRISCO S A
,INVERSIONES QUIMIVECO
,INVERSIONES RAFEX
,INVERSIONES RAMKA INC
,INVERSIONES REAL SA
292,INVERSIONES REGGIO FORTUNA LLC
292,INVERSIONES REGIO FORTUNA
,INVERSIONES RENOVABLES DE CENTROAMERICA S A
,INVERSIONES REPOLLOS JAVIER FLORES
,INVERSIONES RHAMSES SAC
,INVERSIONES RIVERA MERCADO S DE RL
,INVERSIONES ROBELO & PAREDES S A
,INVERSIONES RODRIGUEZ & MEJIA S DE
,INVERSIONES RONA S A
,INVERSIONES RUCAR LLC
,INVERSIONES RUDOL C A
293,INVERSIONES SAKA C A
293,INVERSIONES SAKA CA DOMICILIO F
294,INVERSIONES SAN GABRIEL S A
294,INVERSIONES SAN GABRIEL SA
,INVERSIONES SANCHEZ S DE R L
,INVERSIONES SARI SAS NIT
,INVERSIONES SEBART
,INVERSIONES SHAAN C A
,INVERSIONES SOCOAL SA
,INVERSIONES STASH
,INVERSIONES SUKAR
,INVERSIONES SUNMERCHAND PER USA
,INVERSIONES TALAMI C A
,INVERSIONES TAP AVENIDA WINSTON CHURCHILL
,INVERSIONES TECHNOLOGY VQ C A
,INVERSIONES TELMESSOS S R L
,INVERSIONES TERRABELLA S A
,INVERSIONES TERRAVERDI SRL
,INVERSIONES TEXTILES JAVIER SAC
,INVERSIONES TEXTILES MAS SA DE C V
295,INVERSIONES TODO FRESCO ONE C A
295,INVERSIONES TODO FRESCO ONE CA
,INVERSIONES TOUCHME MARKETING
,INVERSIONES TRADEWIN C A
,INVERSIONES TRANSMARINA SL
,INVERSIONES TUNC SA
,INVERSIONES TUNC SRL
,INVERSIONES TURQUESA LTDA
,INVERSIONES UNION LTDA
,INVERSIONES UNIVERSAL DE DEPORTES
,INVERSIONES VENETIENDA COM CA
,INVERSIONES WHALE BAHIA
,INVERSIONES Y COMERCIALIZADORA BOTERO SOTO S A
,INVERSIONES Y COMERCIALIZADORA HERM ROJAS 307 S A
,INVERSIONES Y DESARROLLO COIN S A
,INVERSIONES Y NEGOCIOS HUCS SP UNO SUR
,INVERSIONES Y NEGOCIOS HUCS SPA
,INVERSIONES Y NEGOCIOS SA INESA
,INVERSIONES Y PROYECTOS
,INVERSIONES Y REPRESENTACIONES SO
,INVERSIONES Y SERVICIOS VARESE LTDA
,INVERSIONES Y SUMINISTROS
,INVERSIONES Y TECHOS GALPESA SAC
,INVERSIONES YARABAMBA S A
296,INVERSIONES ZAHENA S A
296,INVERSIONES ZAHENA SA
,INVERSIONES ZAHENA SA HARD ROCK
,INVERSIONES ZAHENA SA RNC
,INVERSIONES ZD CA
,INVERSIONESCURIO LLC
,INVERSIONS MULTIPLES SULA DE
,INVERSORA JD INTERNATIONAL
,INVERSSAM S A DE C V
,INVERTAL ALLIANCE AG
297,INVERTED GEAR
297,INVERTED GEAR LLC
,INVERTEK DRIVES USA LLC
,INVERTERS R US CORP
,INVERTERS R US SPARTAN POWER
,INVESA S A
,INVESA SA NIT 890900652
,INVESA TAX ID
,INVESAKK LTDA
,INVESCA DEVELOPMENT GROUP INC
,INVESEMENT 2016 AG LLC
,INVEST BARBADOS
298,INVEST IN VINYL LCL
298,INVEST IN VINYL LLC
,INVESTCHECK CO LTD
,INVESTEC BANK LIMITED/INVESTEC FOR
,INVESTED ALLIANCE LLC
,INVESTED ENTERTAINMENT DRAPER LLC
,INVESTIGATION FARMACEUTICA S A DE
,INVESTING HUSTLER
,INVESTISSEMENT IMMOBILIER DUMELE IN
,INVESTMENT 1956 CORP
,INVESTMENT EG LLC
,INVESTMENT GROUP
,INVESTMENT RECOVERY SPECIALISTS
299,INVESTMENTS HARDWARE LIMITED
299,INVESTMENTS HARDWARE LIMTED
,INVESTMENTS HARDWARE LTD
,INVESTOP ENTERPRISE LLC
,INVESTOR WAREHOUSE GROUP LLC
,INVESTORS DIVERSIFIED SERVICES CORP
,INVESTORS GROUP LLC
,INVESTUS INC
,INVESTWAY GROUP
,INVET S A
,INVI USA LLC
,INVIBIO INC
,INVIBRA COMERCIAL IMPORTADORA EEXPORTRTADORA LTDA
,INVICTA DESIGN GROUP LLC
,INVICTA INC
300,INVICTA LOGISTICS LLC
300,INVICTA LOGISTICSLLC
301,INVICTA WATCH CO OF AMERICA INC
302,INVICTA WATCH COMANY
302,INVICTA WATCH COMPANY
301,INVICTA WATCH COMPANY OF AMERICA INC
,INVICTA WATCH GROUP
,INVICTA WATCHCOMPANY
,INVICTALOGISTICSLLC
303,INVICTO MARKETING INC
303,INVICTO MARKETING SERVICE INC
,INVICTUS ECOM LLC
,INVICTUS EQUESTRIAN LLC
304,INVICTUS MANAO ENTERPRISES INC
304,INVICTUS MANEO ENTERPRISES INC
,INVICTUS TOOLS LLC
,INVICTUS TRADE LLC
,INVIDYO INC
,INVIGOR8 AIR DESIGN
,INVIGOR8 HOME LLC
,INVIGORATED WATER LLC
,INVINCIBLE ASTRO BOY CO LTD
,INVINCIBLE BOAT COMPANY LLC
,INVINCIBLE CABLES INC
,INVINCIBLEASTROBOYCO LTD
305,INVINITY ENERGY SYSTEM CANADA CORP
305,INVINITY ENERGY SYSTEM CANADA CORPO
305,INVINITY ENERGY SYSTEMS CANADA
305,INVINITY ENERGY SYSTEMS CANADA CO
306,INVINTAGE HOME & GARDEN
306,INVINTAGE HOME GARDEN
,INVIO AUTOMATION SETH WHITNEY
,INVIRO TEK INC
,INVIS INC
,INVISACOOK INC
,INVISIBLE TRENCHING C/O SEALON SHIP
,INVISION AMERICA INC
,INVISION AUTO IMPORT
,INVISION IN VALL
,INVISIRAIL INC
,INVISISHIELD 22633 IMPERIAL VALLEY
307,INVISTA CANADA CO
307,INVISTA CANADA COMPANY
307,INVISTA COMPANY
,INVISTA MAITLAND SITE
308,INVISTA NYLON CHEMICALS CHINA CO
308,INVISTA NYLON CHEMICALS CHINA CO LTD
,INVISTA PERFORMANCE SURFACES LLC
,INVISTA SPECIALTY FIBERS SHANGHAI CO LTD
309,INVISTA TEXTILES U K LI MITED
309,INVISTA TEXTILES U K LI MITED B
309,INVISTA TEXTILES U K LIMITED
309,INVISTA TEXTILES U K LIMITED BRANCH
,INVISTA VICTORIA
,INVITA AUSTRALIA PTY LTD
,INVITA NZ LTD
,INVITE BY VOICE LLC
,INVITO RESTAURANT CORP
,INVITTO DOO
,INVIZION HOME GOODS GF
,INVOER EKKE DBA CANOPY WINE SELECTIONS
,INVOER EKKE LLC
,INVOICE TO SHOW VIBRACAN GROUP INC
,INVOICE TO STARLINE OVERHEAD DOOR
,INVOICING ADDRESS RTE
,INVOLUTE GEAR & MACHINE CO
,INVOLVED GARMENTS USA OF AMERICA
,INVOLVEMENT PACKAGING NORTHFIELD
,INVSIGHT GROUP LLC
310,INVUE SECURITY PRODUCTS
310,INVUE SECURITY PRODUCTS INC
,INWATER TECHNOLOGIES A
,INWELD CO LTD
,INWELD CORP
,INWELD CORPORATE HEADQUATERS
,INWEST MFG
,INWEST MFG LP DBA ONNIT SYSTEMS
,INWINDOWS AND DOORS GROUP LLC
,INWK MCX BACARDI USA
,INWK/HH GLOBAL
,INWK/MCX BACARDI USA
,INWON SOHN
,INWOOD DEVELOPMENT LLC
,INWOOD LLC
,INWOOD TRADE
311,INX INTERNATIONAL INK CO
311,INX INTERNATIONAL INK CO150 N MARTINGALE
311,INX INTERNATIONAL INK COMPANY
,INX INTERNATIONAL INK CORP
,INX LEBANON
,INX WEST CHICAGO
,INXA COMERCIAL DE M XICO
,INXEPTION CORP
,INXEPTION MARKETPLACE LLC
,INXIUQING 5623 6TH
,INXS MARINE LIMITED INC
,INXT LLC
,INY GENERAL TRADE LLC
,INYECTORES DE PLASTICO SOCIEDAD AN
,INYECTRON INTERNATIONAL SA DE PONIENTE
,INYO HOLDINGS LLC
,INYO TRADE COMPANY LLC
,INYOKERN AIRPORT
,INYOMAN ATMAJA
,INZAYNITY INC
,INZENTRUM SA DE CV
312,INZI CONTROLS ALABAMA
312,INZI CONTROLS ALABAMA INC
,INZI CONTROLS DETROIT LLC
,INZI DISPLAY
,INZI DISPLAY AMERICA INC
,INZUNZARODRIGUEZ JU
,IO 1 LLC
,IO CONTROL CORP
,IO CREST INC
,IO GLOBAL CO LTD
,IO HOLDINGS LLC
,IO IMPORT INC
,IO LAB CORP
,IO ZHONG
,IO2LLC DBA IN ORDER 2
,IO2S IN ORDER 2 LLC
,IOA COMS LLC
,IOA HEALTHCARE FURNITURE
,IOA USA CANADA NORTH AMERICAN
,IOAN SERB 9000 OAK BRANCH
,IOANA 5323 ALAN
,IOANA DALCA
,IOANA MALCOLM
,IOANA MONICA MAGDAS MILLER
,IOANE TAKAPE
,IOANIS YIAKOUMIS
,IOANNA PAPAIOANNOU
,IOANNIS BANIAS
,IOANNIS KOUTSAKIS
,IOANNIS MARGETUSAKIS
,IOANNIS TENTOMAS
,IOANNIS TZOSOUA POLYKANDRIOTIS
,IOANNIS WATKINS
,IOBEST GROUP
,IOC LABRADOR CITY
,IOC PROJECT 1 LLC
,IOC PROJECT 2 LLC
,IOC PROJECT 2LLC
,IOC PROJECT 5 LLC
,IOC PROJECT 6 LLC
,IOCHEM CORP
,IODA PRODUCTS INC
,IODITECH INC
,IODYNE LLC
,IOE USA CORP
,IOELU LEAUPEPE
,IOFX ADDITIVE MANUFACTURING
,IOGA LLC
,IOGAD CO LTD
,IOGR ZAYTAEV ADDRESS 23309 131ST
,IOHY BECH
,IOHY BODFORD
,IOHY NRNJO
,IOI GLOBAL SERVICES SDN BHD
,IOI OLEO GMBH
,IOI TRADE CORP
,IOIOBOX 902 NORTH HAYDEN MEADOWS
,IOIXXXX AY CHUCERO DIRECCION
,IOJA SUSAN US COAST GUARD INTEGRATED SUPPORT CMD
,IOKA FARMS INC
,IOKA JONES ANDRE ANDERSON
,IOKE JAMES C/O ANDRE ANDERSON
,IOLA MODERN
,IOLANDA GOMES
,IOLANI SODHY GEREBEN
,IOLANI SPORTSWEAR LTD
,IOLANIARCHULETA
,IOLETTA KAZARYAN
,IOM INDUSTRIAL PLASTICS AND MACHINE
,IOM PARTNERS LLC
,IOMAX 192 RIVER PARK
,IOMECA EXPRESS LLC
,IOMIC USA INC
,ION AUTOMOTIVE GROUP
,ION BEAM SYSTEMS INC
,ION CHEMICALS USA INC
,ION EQUIPMENT AND SUPPLY CORP
,ION EXCHANGE LLC
,ION LABS INC
,ION MOS S R L
313,ION SPECIALITIES S A
313,ION SPECIALTIES S A
,ION SPECIALTIES SA PI DE CV
,ION TESU
,IONA COCKBURN
,IONA HOWARD HUGH
,IONA JOSEPH
,IONA MORGAN
,IONA PFINGSTON
,IONA SEALES
,IONA TGR FTE KLUHUHERIS
,IONA WILLIAMS
,IONAS KAULINIS
,IONBENCH CORP2530 MERIDIAN PARKWAY
,IONBOND 1823 E WHITCOMB
,IONBOND DUNCAN
,IONBOND GREENSBORO
,IONBOND LLC
,IONBOND MADISON HEIGHTS
,IONCAM ENTERPRISES LLC
,IONE BRIAR
,IONE MILLER
,IONE PICNIC ASSOCIATION
,IONE SCHLAGEL
,IONEX RESEARCH CORP
,IONFAUCET INC
,IONI GUERON
314,IONIA ATLANTIC IMPORT
314,IONIA ATLANTIC IMPORT LLC
,IONIA SEALE
,IONIAN IMPORT LLC
,IONIC ENGINEERING LIMITED
,IONIC TECHNOLOGIES INTERNATIONAL LI
,IONIZED LLC
,IONOCORE LTD
,IONOS INC
,IONS DISTRIBUTION
,IONTECH WATER TECHNOLOGIES INC
,IONTHIS INC
,IONTRA INC
,IOPS INC
,IOPTRON CORP
,IOR 16
,IOR 36
,IOR GRENZEBACH CORP
,IOR HOLTZBRINCK PUBLISHERS LLC
,IOR IMPORTER OF RECORD CBP IDENTIFICATION
,IOR LISKIY
,IOR PNKRUSHIN
,IORA TRADE & PROCESSING PRIVATE LIMITED
,IOREX USA
,IORI ODERIDZE
,IOS CA
,IOS INTERNATIONAL ORTHODONTIC SERV
315,IOS NATURALS
315,IOS NATURALS LLC
,IOSEB GOGLIDZE 2601B W 6TH ST INEX GROUP
,IOT AUTOMATION USA LLC
315,IOTA TECHNOLOGIES
315,IOTA TECHNOLOGIES LTD
315,IOTA TECNOLOGIES LLC
,IOTC C/O ECO GLOVES
,IOTECHA CORP
,IOTHA WHITE
,IOTO USA LLC
,IOTT
,IOTTIE INC
,IOTTY LLC
,IOULIA SAFER
,IOURI OUMANSKI
,IOUSSOUPOV CHAMIL
,IOVTCHO TZOUROV
,IOWA ARBORETUM
,IOWA ARMY NATIONAL GUARD
,IOWA BEAUTY & BARBER SUPPLY DBA TH
316,IOWA BEAUTY & BARBER SUPPLY INC
316,IOWA BEAUTY AND BARBER SUPPLY INC
,IOWA CITY DC PROCTER & GAMBLE CO
317,IOWA CITY PLANT ORAL B LABS
317,IOWA CITY PLANT ORAL B LABS 160 FAWCETT
,IOWA CONTRACT FABRICATORS INC
,IOWA CUSTOM MACHINE
,IOWA EUROPEAN CULTURAL CONNECTION
,IOWA FARM EQUIPMENT
,IOWA FASTENER & SUPPLY METRO NORTH II BUSINESS PARK
,IOWA FIREWORKS COMPANY LLC
,IOWA POWER ELECTRIC LLC
,IOWA PRECISION INDUSTRIES
,IOWA SELECT FARMS
,IOWENG CHAN
,IOXUS BLDG
,IP 6 INTERNATIONAL INC
,IP ADMIN GOULDS PUMP
318,IP ADVERTISING & PROMOTIONS
318,IP ADVERTISING AND PROMOTIONS
,IP BAIGONSOV MAMET TLEUBAYULY REPUBLIC OF KAZAKHSTAN THE CITY OF SHYMKENT TAKEN ALIMKULOVA
,IP CHUN MAN
,IP DEVELOPMENT INTERNATIONAL INC
,IP EVA TING
,IP GLOBAL TECH & MACHINERY S DE RL
,IP INJECTION MOLDING CO
,IP INTERNATIONAL TRADE LLC
,IP LIGHTING LTD
,IP LIM O
,IP LOU
,IP MEDIA HOLDING INC
,IP PARKING NA INC
,IP PRO CANADA CORP
,IP SECURITY LIMITADA
,IP SPECIALITIES LLC
,IP TRADE FLORIDA LLC
,IP TRADE LLC
319,IPA EXPORT
319,IPA EXPORT SW 30TH
,IPA H LLC
,IPA N TOFU PAULINO
,IPA STONE CORP
,IPAATTI INC
,IPAC INC
,IPACK BOX AND CRATING INC
,IPACKAGE LLC
,IPACKDELIVERY 1919 VINEBURN AVE
,IPAK WINE INC
,IPANEMA VALLEY
,IPAPER 33 PHOENIX
,IPART AUTOMOTIVE INC
,IPARTMONSTER LLC
,IPAX 2700 S RARITAN
,IPAX INC
,IPB INC
,IPB LLC
,IPB TESTING
,IPC AVIATTION NORTH AMERICA LLC
,IPC EAGLE CORP
,IPC IMPACT PLASTIC COMPOUNDS GMBH
,IPC LOCKBOURNE OHIO
,IPC LYDON
,IPC RESILIENCY PARTNERS
,IPC SARL
,IPC STUDIO INC
,IPC SUBWAY GLOBAL TRAFFIC ONLY SWS
,IPC SYSTEMS INC
,IPCA LABORATORIES LTD
320,IPCC INTERNATIONAL PRECISION
320,IPCC INTERNATIONAL PRECISION COMPONENTS CORP
,IPCC LLC
,IPCD INDUSTRIAL PRODUCTS
,IPCD INDUSTRIAL PRODUCTS CONVEYORS
,IPCO HOLDINGS LLC
,IPCO POWER B V
,IPCO US LLC
,IPCS CORP
,IPD SC USA
,IPD USA
,IPDISPLAYS LLC
,IPEARL INC
,IPEC INDUSTRIAL S A DE C V
,IPECO WICHITA
,IPEG
,IPEG 503 SOUTH MERCER
,IPEG CORP
,IPEG INC
,IPEKASIA CORP
,IPENZING LLC
,IPERIONX EIN
,IPESA HYDRO S A
321,IPESA S A
321,IPESA SAC
,IPEVO INC
,IPEX INC
,IPEX TECHNOLOGIES INC
322,IPEX USA
322,IPEX USA INC
322,IPEX USA LLC
,IPF HOLDINGS INC
,IPG DISTRIBUTION CENTER
,IPG INK INC
323,IPG INTERNATIONAL PRODUCT GROUP
323,IPG INTERNATIONAL PRODUCTS GROUP
,IPG INTERTAPE POLYMER GROUP
,IPG JEZIEL ESCALONA
,IPG MM
,IPG PHOTONICS CORP
,IPG RECEIVING DEPARTMENT
,IPG RECEIVING DEPT
,IPG TRAFALGAR SQUARE DISTRIBUTION
,IPG US HOLDINGS INC
,IPG/TRAFALGAR SQUARE
,IPGARD INC
,IPH AGENCIA DE CARGA SAC
324,IPHARMACHINE CORP
324,IPHOENIX TECH CORP
,IPHONE FACTORY INC
,IPHOTONIX 1215 N GLENVILLE
,IPI INTERCONTINENTAL PARTS INC
324,IPI ISLAND PYROCHEMICAL INDUSTRIES
324,IPI ISLAND PYROCHEMICALS INDUSTIRES
324,IPI ISLAND PYROCHEMICALS INDUSTRIES
325,IPI PLASTICS
325,IPI PLASTICS INC
,IPI/MT CHEMICALS
,IPI/MT CHEMICALS MOUNTAIN TOP PA FACILITY
,IPINA REFF
,IPING LEE
,IPING LLC
,IPL DAYTON INC
,IPL GROUP
,IPL IN CARE PERISHABLE MOVEMENTS LTD
,IPL PLASTICS
,IPL SERVICE LLC
,IPL USA INC
,IPLANT
,IPLAY ARACDE GAMES HOLDINGS PTY LTD
,IPM
,IPM FOODS
326,IPM INDUSTRIAL PLASTICS AND MACHINE
326,IPM INDUSTRIAL PLASTICS AND MACHINE INC
,IPMFOODS IPMF
,IPMI ENGINEERING INC
,IPO WINES LLC
,IPO WORLDWIDE LLC
,IPOINT TRADE LIMITED
,IPOKI PRODUCE LLC
,IPOLIT LECA
,IPOMOEA BUILDCO LLC
,IPOTEC 41 INDUSTRIAL
,IPOTEC INC
,IPOTEC LLC
,IPOWER INC
,IPP IMPROVED PIPING INC
,IPPA SRL
,IPPOLITO CALOGE
,IPPOLITO FRUIT & PRODUCE LTD
,IPPOLITO TRANSPORTATION INC
,IPPS INC
,IPR PHARMACEUTICALS INC
,IPR RESEARCH LLC
,IPR ROBOTICS LLC
,IPRIME EDUCATION LLC
,IPROTEX GMBH & CO
,IPS ACCOUNTS PAYABLE WATERTITE
,IPS ADHESIVES
,IPS ASSEMBLY CORP
,IPS CERAMICS USA
327,IPS CORP
327,IPS CORPRATION
,IPS GREENSPORT
,IPS GROUP INC
,IPS HOLDING GROUP
,IPS HOUSTON
,IPS IMPORT
,IPS INDUSTRIES INC
328,IPS INTEGRATED POWER SERVICES
,IPS INTEGRATED POWER SYSTEMS INC
328,IPS INTERGRATED POWER SERVICES
,IPS INTERNATIONAL LLC
,IPS INTERNATIONAL PARTS SUPPLY
,IPS ISRAEL POLYMERS SERVICES LTD
,IPS LLC
329,IPS LOGISTIX
329,IPS LOGISTIX LLC
,IPS NEW IBERIA
,IPS ODESSA
330,IPS PACKAGING
330,IPS PACKAGING FI
,IPS PERFORATING
,IPS PRODUCTS GLOBAL INC
,IPS TRICO
,IPS/DPS WAREHOUSE
,IPSEN INC
,IPSEN INTERNATIONAL INC
331,IPSEN LOGISTICS EURL
331,IPSEN LOGISTICS EURL ALGERIE
332,IPSG MICROELECTRONICS INC
332,IPSG/MICRO ELECTRONICS INC
332,IPSG/MICROELECTRONICS INC
332,IPSG/MICROELETRONICS INC